observation_date,FEDFUNDS,lag_1,lag_2,lag_3,rolling_mean_3,rolling_mean_12,rate_change,pct_change,volatility_12,trend,year,month,quarter
1955-06-01,1.64,1.43,1.43,1.35,1.5,1.215,0.20999999999999996,0.14685314685314688,0.27077330337051664,1,1955,6,2
1955-07-01,1.68,1.64,1.43,1.43,1.5833333333333333,1.2883333333333333,0.040000000000000036,0.024390243902439046,0.26730416224128495,1,1955,7,3
1955-08-01,1.96,1.68,1.64,1.43,1.76,1.3499999999999999,0.28,0.16666666666666674,0.328467516036075,1,1955,8,3
1955-09-01,2.18,1.96,1.68,1.64,1.9400000000000002,1.4425,0.2200000000000002,0.11224489795918369,0.39250072379782736,1,1955,9,3
1955-10-01,2.24,2.18,1.96,1.68,2.126666666666667,1.5583333333333333,0.06000000000000005,0.02752293577981657,0.4066008391829051,1,1955,10,4
1955-11-01,2.35,2.24,2.18,1.96,2.256666666666667,1.6849999999999998,0.10999999999999988,0.049107142857142794,0.3956927182457716,1,1955,11,4
1955-12-01,2.48,2.35,2.24,2.18,2.356666666666667,1.785,0.1299999999999999,0.05531914893617018,0.43383071688054925,1,1955,12,4
1956-01-01,2.45,2.48,2.35,2.24,2.4266666666666663,1.8733333333333333,-0.029999999999999805,-0.012096774193548265,0.45355832206580876,0,1956,1,1
1956-02-01,2.5,2.45,2.48,2.35,2.4766666666666666,1.9741666666666668,0.04999999999999982,0.020408163265306145,0.446531243604691,1,1956,2,1
1956-03-01,2.5,2.5,2.45,2.48,2.483333333333333,2.0700000000000003,0.0,0.0,0.42319133862935987,0,1956,3,1
1956-04-01,2.62,2.5,2.5,2.45,2.5399999999999996,2.1691666666666665,0.1200000000000001,0.04800000000000004,0.3982794435462564,1,1956,4,2
1956-05-01,2.75,2.62,2.5,2.5,2.623333333333333,2.2791666666666663,0.1299999999999999,0.04961832061068705,0.35556506458244125,1,1956,5,2
1956-06-01,2.71,2.75,2.62,2.5,2.6933333333333334,2.3683333333333336,-0.040000000000000036,-0.014545454545454528,0.3122304898434476,0,1956,6,2
1956-07-01,2.75,2.71,2.75,2.62,2.7366666666666664,2.4575,0.040000000000000036,0.014760147601476037,0.24286640547653213,1,1956,7,3
1956-08-01,2.73,2.75,2.71,2.75,2.73,2.521666666666667,-0.020000000000000018,-0.0072727272727273196,0.19683095346622853,0,1956,8,3
1956-09-01,2.95,2.73,2.75,2.71,2.81,2.5858333333333334,0.2200000000000002,0.08058608058608074,0.20079199247585694,1,1956,9,3
1956-10-01,2.96,2.95,2.73,2.75,2.8800000000000003,2.6458333333333335,0.009999999999999787,0.003389830508474523,0.19556251422421753,1,1956,10,4
1956-11-01,2.88,2.96,2.95,2.73,2.9299999999999997,2.69,-0.08000000000000007,-0.027027027027027084,0.18205893151794245,0,1956,11,4
1956-12-01,2.94,2.88,2.96,2.95,2.9266666666666663,2.7283333333333335,0.06000000000000005,0.02083333333333326,0.1822502442115012,1,1956,12,4
1957-01-01,2.84,2.94,2.88,2.96,2.8866666666666663,2.760833333333333,-0.10000000000000009,-0.03401360544217691,0.16172132784140814,0,1957,1,1
1957-02-01,3.0,2.84,2.94,2.88,2.9266666666666663,2.8024999999999998,0.16000000000000014,0.05633802816901423,0.15256146302392465,1,1957,2,1
1957-03-01,2.96,3.0,2.84,2.94,2.933333333333333,2.840833333333333,-0.040000000000000036,-0.013333333333333308,0.12493331554606901,0,1957,3,1
1957-04-01,3.0,2.96,3.0,2.84,2.9866666666666664,2.8725,0.040000000000000036,0.013513513513513598,0.11128383040267455,1,1957,4,2
1957-05-01,3.0,3.0,2.96,3.0,2.9866666666666664,2.893333333333333,0.0,0.0,0.10965510669477616,0,1957,5,2
1957-06-01,3.0,3.0,3.0,2.96,3.0,2.9175,0.0,0.0,0.09677762701631716,0,1957,6,2
1957-07-01,2.99,3.0,3.0,3.0,2.9966666666666666,2.9375,-0.009999999999999787,-0.0033333333333332993,0.08280590668435735,0,1957,7,3
1957-08-01,3.24,2.99,3.0,3.0,3.0766666666666667,2.98,0.25,0.08361204013377921,0.09638936191774178,1,1957,8,3
1957-09-01,3.47,3.24,2.99,3.0,3.233333333333333,3.0233333333333334,0.22999999999999998,0.07098765432098775,0.17025827083545492,1,1957,9,3
1957-10-01,3.5,3.47,3.24,2.99,3.4033333333333338,3.0683333333333334,0.029999999999999805,0.008645533141210304,0.2169555184126398,1,1957,10,4
1957-11-01,3.28,3.5,3.47,3.24,3.4166666666666665,3.1016666666666666,-0.2200000000000002,-0.06285714285714294,0.21611584996492253,0,1957,11,4
1957-12-01,2.98,3.28,3.5,3.47,3.2533333333333325,3.105,-0.2999999999999998,-0.09146341463414631,0.21369051538062392,0,1957,12,4
1958-01-01,2.72,2.98,3.28,3.5,2.9933333333333327,3.095,-0.2599999999999998,-0.08724832214765088,0.22944597304257666,0,1958,1,1
1958-02-01,1.67,2.72,2.98,3.28,2.4566666666666666,2.984166666666667,-1.0500000000000003,-0.38602941176470595,0.4722568317679644,0,1958,2,1
1958-03-01,1.2,1.67,2.72,2.98,1.863333333333333,2.8375000000000004,-0.47,-0.281437125748503,0.6992089686339713,0,1958,3,1
1958-04-01,1.26,1.2,1.67,2.72,1.3766666666666663,2.6925000000000003,0.06000000000000005,0.050000000000000044,0.8305324141230678,1,1958,4,2
1958-05-01,0.63,1.26,1.2,1.67,1.0299999999999998,2.4949999999999997,-0.63,-0.5,1.0125979189463827,0,1958,5,2
1958-06-01,0.93,0.63,1.26,1.2,0.9399999999999998,2.3225,0.30000000000000004,0.4761904761904763,1.091955085656415,1,1958,6,2
1958-07-01,0.68,0.93,0.63,1.26,0.7466666666666666,2.1300000000000003,-0.25,-0.26881720430107525,1.1647707538785943,0,1958,7,3
1958-08-01,1.53,0.68,0.93,0.63,1.0466666666666666,1.9874999999999998,0.85,1.25,1.1203824428211189,1,1958,8,3
1958-09-01,1.76,1.53,0.68,0.93,1.3233333333333333,1.845,0.22999999999999998,0.15032679738562083,1.018827311623069,1,1958,9,3
1958-10-01,1.8,1.76,1.53,0.68,1.6966666666666665,1.7033333333333334,0.040000000000000036,0.022727272727272707,0.8759548902180803,1,1958,10,4
1958-11-01,2.27,1.8,1.76,1.53,1.9433333333333334,1.6191666666666666,0.47,0.26111111111111107,0.7501812912203083,1,1958,11,4
1958-12-01,2.42,2.27,1.8,1.76,2.1633333333333336,1.5725,0.1499999999999999,0.06607929515418509,0.6710795238067739,1,1958,12,4
1959-01-01,2.48,2.42,2.27,1.8,2.3899999999999997,1.5525,0.06000000000000005,0.024793388429751984,0.6364550259052082,1,1959,1,1
1959-02-01,2.43,2.48,2.42,2.27,2.4433333333333334,1.6158333333333335,-0.04999999999999982,-0.020161290322580627,0.6851603439850386,0,1959,2,1
1959-03-01,2.8,2.43,2.48,2.42,2.57,1.7491666666666665,0.36999999999999966,0.15226337448559657,0.7495387470527008,1,1959,3,1
1959-04-01,2.96,2.8,2.43,2.48,2.73,1.8908333333333334,0.16000000000000014,0.05714285714285716,0.8071212405640781,1,1959,4,2
1959-05-01,2.9,2.96,2.8,2.43,2.8866666666666667,2.08,-0.06000000000000005,-0.020270270270270285,0.748647264920354,0,1959,5,2
1959-06-01,3.39,2.9,2.96,2.8,3.0833333333333335,2.285,0.4900000000000002,0.16896551724137931,0.7418956064764709,1,1959,6,2
1959-07-01,3.47,3.39,2.9,2.96,3.2533333333333334,2.5174999999999996,0.08000000000000007,0.02359882005899716,0.6204122529708481,1,1959,7,3
1959-08-01,3.5,3.47,3.39,2.9,3.453333333333333,2.6816666666666666,0.029999999999999805,0.008645533141210304,0.5954957191409117,1,1959,8,3
1959-09-01,3.76,3.5,3.47,3.39,3.5766666666666667,2.848333333333333,0.2599999999999998,0.07428571428571429,0.5939671453009585,1,1959,9,3
1959-10-01,3.98,3.76,3.5,3.47,3.746666666666666,3.03,0.2200000000000002,0.0585106382978724,0.5773292742526499,1,1959,10,4
1959-11-01,4.0,3.98,3.76,3.5,3.9133333333333327,3.1741666666666664,0.020000000000000018,0.005025125628140614,0.5862276680504593,1,1959,11,4
1959-12-01,3.99,4.0,3.98,3.76,3.9899999999999998,3.3049999999999997,-0.009999999999999787,-0.0024999999999999467,0.5777464055196797,0,1959,12,4
1960-01-01,3.99,3.99,4.0,3.98,3.9933333333333336,3.4308333333333336,0.0,0.0,0.5452515405060712,0,1960,1,1
1960-02-01,3.97,3.99,3.99,4.0,3.983333333333333,3.5591666666666666,-0.020000000000000018,-0.005012531328320802,0.46335649604191814,0,1960,2,1
1960-03-01,3.84,3.97,3.99,3.99,3.933333333333333,3.6458333333333335,-0.13000000000000034,-0.032745591939546737,0.4015981332203406,0,1960,3,1
1960-04-01,3.92,3.84,3.97,3.99,3.9099999999999997,3.7258333333333336,0.08000000000000007,0.02083333333333326,0.34405227756399426,1,1960,4,2
1960-05-01,3.85,3.92,3.84,3.97,3.8699999999999997,3.8049999999999997,-0.06999999999999984,-0.017857142857142794,0.22569085855737703,0,1960,5,2
1960-06-01,3.32,3.85,3.92,3.84,3.696666666666666,3.7991666666666664,-0.5300000000000002,-0.1376623376623377,0.23796326428992665,0,1960,6,2
1960-07-01,3.23,3.32,3.85,3.92,3.4666666666666663,3.7791666666666663,-0.08999999999999986,-0.027108433734939763,0.2753001117238309,0,1960,7,3
1960-08-01,2.98,3.23,3.32,3.85,3.1766666666666663,3.7358333333333333,-0.25,-0.07739938080495357,0.3531535420216345,0,1960,8,3
1960-09-01,2.6,2.98,3.23,3.32,2.936666666666666,3.6391666666666667,-0.3799999999999999,-0.12751677852348986,0.48140813025829726,0,1960,9,3
1960-10-01,2.47,2.6,2.98,3.23,2.683333333333333,3.5133333333333336,-0.1299999999999999,-0.04999999999999993,0.5728768443460429,0,1960,10,4
1960-11-01,2.44,2.47,2.6,2.98,2.503333333333333,3.3833333333333333,-0.03000000000000025,-0.012145748987854366,0.6268584490549012,0,1960,11,4
1960-12-01,1.98,2.44,2.47,2.6,2.2966666666666664,3.2158333333333338,-0.45999999999999996,-0.1885245901639344,0.7126832566031173,0,1960,12,4
1961-01-01,1.45,1.98,2.44,2.47,1.956666666666666,3.0041666666666664,-0.53,-0.26767676767676774,0.8294736374059848,0,1961,1,1
1961-02-01,2.54,1.45,1.98,2.44,1.9899999999999995,2.885,1.09,0.7517241379310347,0.7793062182596654,1,1961,2,1
1961-03-01,2.02,2.54,1.45,1.98,2.003333333333333,2.733333333333333,-0.52,-0.20472440944881887,0.7532153299909213,0,1961,3,1
1961-04-01,1.49,2.02,2.54,1.45,2.016666666666666,2.5308333333333333,-0.53,-0.2623762376237624,0.7315172070720024,0,1961,4,2
1961-05-01,1.98,1.49,2.02,2.54,1.8299999999999994,2.375,0.49,0.32885906040268464,0.6148244390954942,1,1961,5,2
1961-06-01,1.73,1.98,1.49,2.02,1.7333333333333327,2.2425,-0.25,-0.1262626262626263,0.5616877974624157,0,1961,6,2
1961-07-01,1.17,1.73,1.98,1.49,1.626666666666666,2.0708333333333333,-0.56,-0.323699421965318,0.5470492471321721,0,1961,7,3
1961-08-01,2.0,1.17,1.73,1.98,1.6333333333333329,1.9891666666666667,0.8300000000000001,0.7094017094017095,0.46615366825140364,1,1961,8,3
1961-09-01,1.88,2.0,1.17,1.73,1.6833333333333327,1.929166666666667,-0.1200000000000001,-0.06000000000000005,0.42489481764385306,0,1961,9,3
1961-10-01,2.26,1.88,2.0,1.17,2.046666666666666,1.9116666666666664,0.3799999999999999,0.2021276595744681,0.4044262677678134,1,1961,10,4
1961-11-01,2.61,2.26,1.88,2.0,2.2499999999999996,1.9258333333333333,0.3500000000000001,0.15486725663716827,0.42696515364165194,1,1961,11,4
1961-12-01,2.33,2.61,2.26,1.88,2.399999999999999,1.955,-0.2799999999999998,-0.10727969348658994,0.4426675337705969,0,1961,12,4
1962-01-01,2.15,2.33,2.61,2.26,2.363333333333333,2.013333333333333,-0.18000000000000016,-0.07725321888412029,0.41534943302615546,0,1962,1,1
1962-02-01,2.37,2.15,2.33,2.61,2.2833333333333328,1.9991666666666665,0.2200000000000002,0.10232558139534897,0.3983022683461572,1,1962,2,1
1962-03-01,2.85,2.37,2.15,2.33,2.4566666666666657,2.0683333333333334,0.48,0.20253164556962022,0.4681847602143487,1,1962,3,1
1962-04-01,2.78,2.85,2.37,2.15,2.666666666666666,2.1758333333333333,-0.07000000000000028,-0.024561403508772006,0.47140907410816024,0,1962,4,2
1962-05-01,2.36,2.78,2.85,2.37,2.6633333333333327,2.2075,-0.41999999999999993,-0.15107913669064743,0.4698186303825587,0,1962,5,2
1962-06-01,2.68,2.36,2.78,2.85,2.606666666666666,2.2866666666666666,0.3200000000000003,0.13559322033898313,0.4620179715775179,1,1962,6,2
1962-07-01,2.71,2.68,2.36,2.78,2.5833333333333326,2.4149999999999996,0.029999999999999805,0.011194029850746245,0.31373121095496886,1,1962,7,3
1962-08-01,2.93,2.71,2.68,2.36,2.773333333333333,2.4924999999999997,0.2200000000000002,0.08118081180811809,0.3167483945571692,1,1962,8,3
1962-09-01,2.9,2.93,2.71,2.68,2.8466666666666662,2.5775,-0.03000000000000025,-0.010238907849829393,0.2709956390122085,0,1962,9,3
1962-10-01,2.9,2.9,2.93,2.71,2.9099999999999997,2.6308333333333334,0.0,0.0,0.26575649597237344,0,1962,10,4
1962-11-01,2.94,2.9,2.9,2.93,2.9133333333333327,2.6583333333333337,0.040000000000000036,0.01379310344827589,0.2800919762355113,1,1962,11,4
1962-12-01,2.93,2.94,2.9,2.9,2.9233333333333325,2.7083333333333335,-0.009999999999999787,-0.00340136054421758,0.269505720409294,0,1962,12,4
1963-01-01,2.92,2.93,2.94,2.9,2.9299999999999993,2.7725000000000004,-0.010000000000000231,-0.0034129692832765013,0.20946360065653255,0,1963,1,1
1963-02-01,3.0,2.92,2.93,2.94,2.9499999999999993,2.8249999999999997,0.08000000000000007,0.027397260273972712,0.175628740658965,1,1963,2,1
1963-03-01,2.98,3.0,2.92,2.93,2.9666666666666663,2.8358333333333334,-0.020000000000000018,-0.00666666666666671,0.1812310596164367,0,1963,3,1
1963-04-01,2.9,2.98,3.0,2.92,2.9599999999999995,2.845833333333333,-0.08000000000000007,-0.02684563758389269,0.1811808906908083,0,1963,4,2
1963-05-01,3.0,2.9,2.98,3.0,2.9599999999999995,2.8991666666666664,0.10000000000000009,0.034482758620689724,0.10211030874262766,1,1963,5,2
1963-06-01,2.99,3.0,2.9,2.98,2.963333333333333,2.9250000000000003,-0.009999999999999787,-0.0033333333333332993,0.07798601273188571,0,1963,6,2
1963-07-01,3.02,2.99,3.0,2.9,3.0033333333333325,2.9508333333333336,0.029999999999999805,0.010033444816053505,0.04440686542607361,1,1963,7,3
1963-08-01,3.49,3.02,2.99,3.0,3.166666666666666,2.9975,0.4700000000000002,0.1556291390728477,0.16119581542053357,1,1963,8,3
1963-09-01,3.48,3.49,3.02,2.99,3.3299999999999996,3.045833333333334,-0.010000000000000231,-0.002865329512894088,0.20913059570662054,0,1963,9,3
1963-10-01,3.5,3.48,3.49,3.02,3.4899999999999998,3.095833333333333,0.020000000000000018,0.005747126436781658,0.24047144352607683,1,1963,10,4
1963-11-01,3.48,3.5,3.48,3.49,3.486666666666666,3.140833333333333,-0.020000000000000018,-0.005714285714285672,0.2585082496778686,0,1963,11,4
1963-12-01,3.38,3.48,3.5,3.48,3.4533333333333327,3.1783333333333332,-0.10000000000000009,-0.028735632183908066,0.25778191393407596,0,1963,12,4
1964-01-01,3.48,3.38,3.48,3.5,3.446666666666666,3.2249999999999996,0.10000000000000009,0.029585798816567976,0.2574525552054562,1,1964,1,1
1964-02-01,3.48,3.48,3.38,3.48,3.446666666666666,3.265,0.0,0.0,0.25660369160527463,0,1964,2,1
1964-03-01,3.43,3.48,3.48,3.38,3.463333333333333,3.3025,-0.04999999999999982,-0.014367816091953922,0.24372581465095802,0,1964,3,1
1964-04-01,3.47,3.43,3.48,3.48,3.4599999999999995,3.35,0.040000000000000036,0.011661807580174877,0.21157418643028464,1,1964,4,2
1964-05-01,3.5,3.47,3.43,3.48,3.4666666666666663,3.391666666666667,0.029999999999999805,0.008645533141210304,0.18379006469009251,1,1964,5,2
1964-06-01,3.5,3.5,3.47,3.43,3.4899999999999998,3.4341666666666666,0.0,0.0,0.13493825748591057,0,1964,6,2
1964-07-01,3.42,3.5,3.5,3.47,3.4733333333333327,3.4675,-0.08000000000000007,-0.02285714285714291,0.037688918072228475,0,1964,7,3
1964-08-01,3.5,3.42,3.5,3.5,3.4733333333333327,3.4683333333333337,0.08000000000000007,0.023391812865497075,0.038336626999484105,1,1964,8,3
1964-09-01,3.45,3.5,3.42,3.5,3.4566666666666657,3.465833333333333,-0.04999999999999982,-0.014285714285714235,0.03848455022552826,0,1964,9,3
1964-10-01,3.36,3.45,3.5,3.42,3.436666666666666,3.454166666666666,-0.0900000000000003,-0.026086956521739202,0.04737823307910045,0,1964,10,4
1964-11-01,3.52,3.36,3.45,3.5,3.443333333333333,3.4575,0.16000000000000014,0.04761904761904767,0.05065480323631402,1,1964,11,4
1964-12-01,3.85,3.52,3.36,3.45,3.576666666666666,3.4966666666666666,0.33000000000000007,0.09375,0.1197978094604228,1,1964,12,4
1965-01-01,3.9,3.85,3.52,3.36,3.7566666666666664,3.5316666666666667,0.04999999999999982,0.01298701298701288,0.16666969694215109,1,1965,1,1
1965-02-01,3.98,3.9,3.85,3.52,3.9099999999999997,3.573333333333333,0.08000000000000007,0.02051282051282044,0.20955942239649378,1,1965,2,1
1965-03-01,4.05,3.98,3.9,3.85,3.976666666666666,3.625,0.06999999999999984,0.017587939698492372,0.24452179676034938,1,1965,3,1
1965-04-01,4.09,4.05,3.98,3.9,4.039999999999999,3.6766666666666663,0.040000000000000036,0.009876543209876631,0.27267474241578665,1,1965,4,2
1965-05-01,4.1,4.09,4.05,3.98,4.079999999999999,3.7266666666666666,0.009999999999999787,0.0024449877750609694,0.2916826835429012,1,1965,5,2
1965-06-01,4.05,4.1,4.09,4.05,4.079999999999999,3.7724999999999995,-0.04999999999999982,-0.012195121951219523,0.2960075244743871,0,1965,6,2
1965-07-01,4.09,4.05,4.1,4.09,4.079999999999999,3.828333333333333,0.040000000000000036,0.009876543209876631,0.28650982319613244,1,1965,7,3
1965-08-01,4.12,4.09,4.05,4.1,4.086666666666666,3.8799999999999994,0.03000000000000025,0.007334963325183352,0.27768523711045767,1,1965,8,3
1965-09-01,4.02,4.12,4.09,4.05,4.076666666666665,3.9275,-0.10000000000000053,-0.024271844660194275,0.24417300126233177,0,1965,9,3
1965-10-01,4.08,4.02,4.12,4.09,4.073333333333332,3.9875000000000003,0.0600000000000005,0.014925373134328401,0.1689069135782946,1,1965,10,4
1965-11-01,4.1,4.08,4.02,4.12,4.0666666666666655,4.035833333333334,0.019999999999999574,0.004901960784313708,0.0852225251202915,1,1965,11,4
1965-12-01,4.32,4.1,4.08,4.02,4.166666666666666,4.075,0.22000000000000064,0.05365853658536612,0.09894902268799301,1,1965,12,4
1966-01-01,4.42,4.32,4.1,4.08,4.279999999999999,4.118333333333333,0.09999999999999964,0.02314814814814814,0.125613645273066,1,1966,1,1
1966-02-01,4.6,4.42,4.32,4.1,4.446666666666666,4.17,0.17999999999999972,0.040723981900452344,0.17949423895540903,1,1966,2,1
1966-03-01,4.66,4.6,4.42,4.32,4.56,4.220833333333333,0.0600000000000005,0.013043478260869712,0.22342207644372084,1,1966,3,1
1966-04-01,4.67,4.66,4.6,4.42,4.643333333333333,4.269166666666667,0.009999999999999787,0.0021459227467810482,0.2532859804228955,1,1966,4,2
1966-05-01,4.9,4.67,4.66,4.6,4.743333333333333,4.335833333333333,0.23000000000000043,0.04925053533190593,0.3047639424309577,1,1966,5,2
1966-06-01,5.17,4.9,4.67,4.66,4.913333333333333,4.429166666666667,0.2699999999999996,0.055102040816326525,0.3731063297953182,1,1966,6,2
1966-07-01,5.3,5.17,4.9,4.67,5.123333333333332,4.53,0.1299999999999999,0.025145067698259194,0.43197222132910257,1,1966,7,3
1966-08-01,5.53,5.3,5.17,4.9,5.333333333333333,4.6475,0.23000000000000043,0.04339622641509444,0.49715783116723417,1,1966,8,3
1966-09-01,5.4,5.53,5.3,5.17,5.409999999999999,4.7625,-0.1299999999999999,-0.023508137432188048,0.49841795166853015,0,1966,9,3
1966-10-01,5.53,5.4,5.53,5.3,5.4866666666666655,4.883333333333334,0.1299999999999999,0.024074074074074137,0.49365673265637544,1,1966,10,4
1966-11-01,5.76,5.53,5.4,5.53,5.563333333333333,5.0216666666666665,0.22999999999999954,0.04159132007233257,0.48672996682560915,1,1966,11,4
1966-12-01,5.4,5.76,5.53,5.4,5.563333333333333,5.111666666666666,-0.35999999999999943,-0.06249999999999989,0.443084915590951,0,1966,12,4
1967-01-01,4.94,5.4,5.76,5.53,5.366666666666666,5.155,-0.45999999999999996,-0.08518518518518514,0.39174435077437164,0,1967,1,1
1967-02-01,5.0,4.94,5.4,5.76,5.113333333333333,5.1883333333333335,0.05999999999999961,0.012145748987854255,0.3555746522649368,1,1967,2,1
1967-03-01,4.53,5.0,4.94,5.4,4.823333333333333,5.1775,-0.46999999999999975,-0.09399999999999997,0.3746058534707417,0,1967,3,1
1967-04-01,4.05,4.53,5.0,4.94,4.526666666666666,5.1258333333333335,-0.4800000000000004,-0.10596026490066235,0.47913669207958526,0,1967,4,2
1967-05-01,3.94,4.05,4.53,5.0,4.173333333333333,5.045833333333333,-0.10999999999999988,-0.02716049382716046,0.5880392431761247,0,1967,5,2
1967-06-01,3.98,3.94,4.05,4.53,3.9899999999999998,4.946666666666666,0.040000000000000036,0.010152284263959421,0.6610093292332051,1,1967,6,2
1967-07-01,3.79,3.98,3.94,4.05,3.9033333333333324,4.820833333333334,-0.18999999999999995,-0.047738693467336724,0.7279667616454786,0,1967,7,3
1967-08-01,3.9,3.79,3.98,3.94,3.8899999999999992,4.685,0.10999999999999988,0.029023746701847042,0.7356444299202753,1,1967,8,3
1967-09-01,3.99,3.9,3.79,3.98,3.8933333333333326,4.5675,0.0900000000000003,0.023076923076923217,0.7235659799028196,1,1967,9,3
1967-10-01,3.88,3.99,3.9,3.79,3.9233333333333325,4.43,-0.11000000000000032,-0.027568922305764465,0.6794650302059174,0,1967,10,4
1967-11-01,4.13,3.88,3.99,3.9,3.9999999999999996,4.2941666666666665,0.25,0.06443298969072164,0.5375103945436092,1,1967,11,4
1967-12-01,4.51,4.13,3.88,3.99,4.173333333333333,4.22,0.3799999999999999,0.09200968523002429,0.4195018691040848,1,1967,12,4
1968-01-01,4.61,4.51,4.13,3.88,4.416666666666667,4.1925,0.10000000000000053,0.022172949002217335,0.37663884316652846,1,1968,1,1
1968-02-01,4.71,4.61,4.51,4.13,4.609999999999999,4.168333333333333,0.09999999999999964,0.021691973969631073,0.3260182184907488,1,1968,2,1
1968-03-01,5.05,4.71,4.61,4.51,4.789999999999999,4.211666666666667,0.33999999999999986,0.0721868365180467,0.4037513486233253,1,1968,3,1
1968-04-01,5.76,5.05,4.71,4.61,5.173333333333333,4.354166666666667,0.71,0.1405940594059405,0.5970146691259073,1,1968,4,2
1968-05-01,6.12,5.76,5.05,4.71,5.6433333333333335,4.535833333333334,0.3600000000000003,0.0625,0.7670066769098185,1,1968,5,2
1968-06-01,6.07,6.12,5.76,5.05,5.983333333333332,4.71,-0.04999999999999982,-0.008169934640522847,0.8608663712161768,0,1968,6,2
1968-07-01,6.03,6.07,6.12,5.76,6.073333333333333,4.8966666666666665,-0.040000000000000036,-0.00658978583196046,0.8857388629462588,0,1968,7,3
1968-08-01,6.03,6.03,6.07,6.12,6.043333333333333,5.074166666666667,0.0,0.0,0.8812641574190525,0,1968,8,3
1968-09-01,5.78,6.03,6.03,6.07,5.946666666666666,5.223333333333334,-0.25,-0.041459369817578806,0.8311364982888644,0,1968,9,3
1968-10-01,5.91,5.78,6.03,6.03,5.906666666666666,5.392500000000001,0.1299999999999999,0.02249134948096887,0.7337466121959858,1,1968,10,4
1968-11-01,5.82,5.91,5.78,6.03,5.836666666666666,5.533333333333334,-0.08999999999999986,-0.015228426395939021,0.6232660796646973,0,1968,11,4
1968-12-01,6.02,5.82,5.91,5.78,5.916666666666665,5.659166666666667,0.1999999999999993,0.03436426116838476,0.5454515782747522,1,1968,12,4
1969-01-01,6.3,6.02,5.82,5.91,6.046666666666666,5.800000000000001,0.28000000000000025,0.04651162790697683,0.46167678579873134,1,1969,1,1
1969-02-01,6.61,6.3,6.02,5.82,6.309999999999999,5.958333333333333,0.3100000000000005,0.049206349206349254,0.37072002014097594,1,1969,2,1
1969-03-01,6.79,6.61,6.3,6.02,6.5666666666666655,6.103333333333333,0.17999999999999972,0.027231467473525006,0.31995264801168377,1,1969,3,1
1969-04-01,7.41,6.79,6.61,6.3,6.9366666666666665,6.240833333333335,0.6200000000000001,0.09131075110456566,0.47565186530664166,1,1969,4,2
1969-05-01,8.67,7.41,6.79,6.61,7.623333333333332,6.453333333333333,1.2599999999999998,0.17004048582995956,0.8438583824890044,1,1969,5,2
1969-06-01,8.9,8.67,7.41,6.79,8.326666666666666,6.689166666666666,0.23000000000000043,0.026528258362168433,1.0873191246307894,1,1969,6,2
1969-07-01,8.61,8.9,8.67,7.41,8.726666666666667,6.904166666666666,-0.2900000000000009,-0.032584269662921495,1.1948865167365363,0,1969,7,3
1969-08-01,9.19,8.61,8.9,8.67,8.899999999999999,7.1674999999999995,0.5800000000000001,0.06736353077816504,1.3257596450200237,1,1969,8,3
1969-09-01,9.15,9.19,8.61,8.9,8.983333333333333,7.448333333333334,-0.03999999999999915,-0.0043525571273121955,1.361575513435762,0,1969,9,3
1969-10-01,9.0,9.15,9.19,8.61,9.113333333333332,7.7058333333333335,-0.15000000000000036,-0.016393442622950838,1.3361509055582834,0,1969,10,4
1969-11-01,8.85,9.0,9.15,9.19,9.0,7.958333333333333,-0.15000000000000036,-0.01666666666666672,1.229411044017212,0,1969,11,4
1969-12-01,8.97,8.85,9.0,9.15,8.94,8.204166666666667,0.120000000000001,0.013559322033898313,1.0940787601143287,1,1969,12,4
1970-01-01,8.98,8.97,8.85,9.0,8.933333333333334,8.4275,0.009999999999999787,0.0011148272017837968,0.9315005001706409,1,1970,1,1
1970-02-01,8.98,8.98,8.97,8.85,8.976666666666667,8.625,0.0,0.0,0.7433645869227831,0,1970,2,1
1970-03-01,7.76,8.98,8.98,8.97,8.573333333333332,8.705833333333333,-1.2200000000000006,-0.13585746102449892,0.5544113722651619,0,1970,3,1
1970-04-01,8.1,7.76,8.98,8.98,8.28,8.763333333333334,0.33999999999999986,0.04381443298969079,0.42950993920834674,1,1970,4,2
1970-05-01,7.95,8.1,7.76,8.98,7.9366666666666665,8.703333333333335,-0.14999999999999947,-0.01851851851851849,0.48979278240592766,0,1970,5,2
1970-06-01,7.61,7.95,8.1,7.76,7.886666666666666,8.595833333333333,-0.33999999999999986,-0.04276729559748427,0.5765801739304511,0,1970,6,2
1970-07-01,7.21,7.61,7.95,8.1,7.59,8.479166666666666,-0.40000000000000036,-0.05256241787122207,0.7015496915379151,0,1970,7,3
1970-08-01,6.62,7.21,7.61,7.95,7.146666666666666,8.265,-0.5899999999999999,-0.08183079056865461,0.842868478902403,0,1970,8,3
1970-09-01,6.29,6.62,7.21,7.61,6.706666666666666,8.026666666666666,-0.33000000000000007,-0.049848942598187285,0.9653292733884059,0,1970,9,3
1970-10-01,6.2,6.29,6.62,7.21,6.37,7.793333333333333,-0.08999999999999986,-0.014308426073131986,1.0438768068497226,0,1970,10,4
1970-11-01,5.6,6.2,6.29,6.62,6.0299999999999985,7.522500000000001,-0.6000000000000005,-0.09677419354838723,1.1599539567664623,0,1970,11,4
1970-12-01,4.9,5.6,6.2,6.29,5.566666666666666,7.183333333333334,-0.6999999999999993,-0.12499999999999989,1.2863714530226136,0,1970,12,4
1971-01-01,4.14,4.9,5.6,6.2,4.879999999999999,6.78,-0.7600000000000007,-0.15510204081632661,1.4233123978305615,0,1971,1,1
1971-02-01,3.72,4.14,4.9,5.6,4.253333333333333,6.341666666666666,-0.4199999999999995,-0.10144927536231874,1.4924649125361447,0,1971,2,1
1971-03-01,3.71,3.72,4.14,4.9,3.856666666666666,6.004166666666667,-0.010000000000000231,-0.0026881720430108613,1.59684608658519,0,1971,3,1
1971-04-01,4.16,3.71,3.72,4.14,3.8633333333333333,5.675833333333333,0.4500000000000002,0.12129380053908356,1.5304156199206105,1,1971,4,2
1971-05-01,4.63,4.16,3.71,3.72,4.166666666666666,5.399166666666667,0.46999999999999975,0.11298076923076916,1.3740216905349885,1,1971,5,2
1971-06-01,4.91,4.63,4.16,3.71,4.566666666666666,5.174166666666667,0.28000000000000025,0.06047516198704117,1.1874836522000836,1,1971,6,2
1971-07-01,5.31,4.91,4.63,4.16,4.949999999999999,5.015833333333333,0.39999999999999947,0.08146639511201625,1.003824127418696,1,1971,7,3
1971-08-01,5.57,5.31,4.91,4.63,5.263333333333333,4.928333333333334,0.2600000000000007,0.048964218455743946,0.890667097622848,1,1971,8,3
1971-09-01,5.55,5.57,5.31,4.91,5.476666666666667,4.866666666666666,-0.020000000000000462,-0.0035906642728905647,0.8097624043601812,0,1971,9,3
1971-10-01,5.2,5.55,5.57,5.31,5.44,4.783333333333334,-0.34999999999999964,-0.06306306306306297,0.7047157174522745,0,1971,10,4
1971-11-01,4.91,5.2,5.55,5.57,5.22,4.725833333333333,-0.29000000000000004,-0.05576923076923079,0.6586688826487324,0,1971,11,4
1971-12-01,4.14,4.91,5.2,5.55,4.749999999999999,4.6625000000000005,-0.7700000000000005,-0.1568228105906314,0.676691483348503,0,1971,12,4
1972-01-01,3.51,4.14,4.91,5.2,4.1866666666666665,4.61,-0.6299999999999999,-0.15217391304347827,0.7421835107548527,0,1972,1,1
1972-02-01,3.3,3.51,4.14,4.91,3.65,4.575,-0.20999999999999996,-0.05982905982905984,0.7959271323431785,0,1972,2,1
1972-03-01,3.83,3.3,3.51,4.14,3.5466666666666664,4.585,0.5300000000000002,0.16060606060606064,0.7847466296374315,1,1972,3,1
1972-04-01,4.17,3.83,3.3,3.51,3.766666666666666,4.585833333333333,0.33999999999999986,0.08877284595300261,0.7842594460941571,1,1972,4,2
1972-05-01,4.27,4.17,3.83,3.3,4.09,4.555833333333333,0.09999999999999964,0.023980815347721673,0.7892857338739916,1,1972,5,2
1972-06-01,4.46,4.27,4.17,3.83,4.3,4.5183333333333335,0.1900000000000004,0.04449648711943799,0.7815815357144342,1,1972,6,2
1972-07-01,4.55,4.46,4.27,4.17,4.426666666666666,4.454999999999999,0.08999999999999986,0.020179372197309364,0.7413562510083317,1,1972,7,3
1972-08-01,4.81,4.55,4.46,4.27,4.6066666666666665,4.391666666666667,0.2599999999999998,0.05714285714285716,0.6660853526161161,1,1972,8,3
1972-09-01,4.87,4.81,4.55,4.46,4.743333333333333,4.335,0.0600000000000005,0.012474012474012586,0.5822292581886871,1,1972,9,3
1972-10-01,5.05,4.87,4.81,4.55,4.909999999999999,4.3225,0.17999999999999972,0.03696098562628336,0.5632716928801232,1,1972,10,4
1972-11-01,5.06,5.05,4.87,4.81,4.993333333333332,4.335,0.009999999999999787,0.001980198019801982,0.5789410395478688,1,1972,11,4
1972-12-01,5.33,5.06,5.05,4.87,5.146666666666666,4.434166666666666,0.27000000000000046,0.05335968379446654,0.6410851359337459,1,1972,12,4
1973-01-01,5.94,5.33,5.06,5.05,5.4433333333333325,4.636666666666667,0.6100000000000003,0.11444652908067554,0.7033857513139923,1,1973,1,1
1973-02-01,6.58,5.94,5.33,5.06,5.95,4.91,0.6399999999999997,0.1077441077441077,0.7708083124522487,1,1973,2,1
1973-03-01,7.09,6.58,5.94,5.33,6.536666666666666,5.181666666666667,0.5099999999999998,0.07750759878419444,0.9163150840913604,1,1973,3,1
1973-04-01,7.12,7.09,6.58,5.94,6.93,5.427499999999999,0.03000000000000025,0.004231311706629048,1.011049185027847,1,1973,4,2
1973-05-01,7.84,7.12,7.09,6.58,7.3500000000000005,5.7250000000000005,0.7199999999999998,0.101123595505618,1.1545443808155407,1,1973,5,2
1973-06-01,8.49,7.84,7.12,7.09,7.816666666666666,6.060833333333334,0.6500000000000004,0.08290816326530615,1.3264543190800302,1,1973,6,2
1973-07-01,10.4,8.49,7.84,7.12,8.909999999999998,6.548333333333333,1.9100000000000001,0.22497055359246176,1.7333143938359201,1,1973,7,3
1973-08-01,10.5,10.4,8.49,7.84,9.796666666666667,7.022500000000001,0.09999999999999964,0.009615384615384581,1.975854820761702,1,1973,8,3
1973-09-01,10.78,10.5,10.4,8.49,10.559999999999999,7.515000000000001,0.27999999999999936,0.026666666666666616,2.1217252842482117,1,1973,9,3
1973-10-01,10.01,10.78,10.5,10.4,10.43,7.928333333333334,-0.7699999999999996,-0.0714285714285714,2.0805935924561676,0,1973,10,4
1973-11-01,10.03,10.01,10.78,10.5,10.273333333333332,8.3425,0.019999999999999574,0.0019980019980019303,1.948165220732749,1,1973,11,4
1973-12-01,9.95,10.03,10.01,10.78,9.996666666666666,8.727500000000001,-0.08000000000000007,-0.0079760717846461,1.7445766613343965,0,1973,12,4
1974-01-01,9.65,9.95,10.03,10.01,9.876666666666665,9.036666666666667,-0.29999999999999893,-0.03015075376884413,1.519954146038801,0,1974,1,1
1974-02-01,8.97,9.65,9.95,10.03,9.523333333333332,9.235833333333334,-0.6799999999999997,-0.07046632124352326,1.3110055705680799,0,1974,2,1
1974-03-01,9.35,8.97,9.65,9.95,9.323333333333332,9.424166666666666,0.379999999999999,0.04236343366778139,1.123666549805342,1,1974,3,1
1974-04-01,10.51,9.35,8.97,9.65,9.61,9.706666666666667,1.1600000000000001,0.12406417112299462,0.894481397065858,1,1974,4,2
1974-05-01,11.31,10.51,9.35,8.97,10.39,9.995833333333332,0.8000000000000007,0.07611798287345395,0.7910804847379602,1,1974,5,2
1974-06-01,11.93,11.31,10.51,9.35,11.25,10.2825,0.6199999999999992,0.05481874447391677,0.8186033005285707,1,1974,6,2
1974-07-01,12.92,11.93,11.31,10.51,12.053333333333333,10.4925,0.9900000000000002,0.08298407376362116,1.1194408100800273,1,1974,7,3
1974-08-01,12.01,12.92,11.93,11.31,12.286666666666667,10.618333333333332,-0.9100000000000001,-0.07043343653250778,1.2021710159187209,0,1974,8,3
1974-09-01,11.34,12.01,12.92,11.93,12.089999999999998,10.665,-0.6699999999999999,-0.05578684429641967,1.2197578001017202,0,1974,9,3
1974-10-01,10.06,11.34,12.01,12.92,11.136666666666665,10.669166666666667,-1.2799999999999994,-0.1128747795414462,1.217400048787487,0,1974,10,4
1974-11-01,9.45,10.06,11.34,12.01,10.283333333333333,10.620833333333334,-0.6100000000000012,-0.06063618290258466,1.2559853671218228,0,1974,11,4
1974-12-01,8.53,9.45,10.06,11.34,9.346666666666666,10.5025,-0.9199999999999999,-0.0973544973544973,1.385182134397656,0,1974,12,4
1975-01-01,7.13,8.53,9.45,10.06,8.37,10.292499999999999,-1.3999999999999995,-0.164126611957796,1.6847936210273502,0,1975,1,1
1975-02-01,6.24,7.13,8.53,9.45,7.3,10.065,-0.8899999999999997,-0.12482468443197747,2.0288039467985475,0,1975,2,1
1975-03-01,5.54,6.24,7.13,8.53,6.303333333333332,9.7475,-0.7000000000000002,-0.11217948717948723,2.412679103102062,0,1975,3,1
1975-04-01,5.49,5.54,6.24,7.13,5.756666666666667,9.329166666666666,-0.04999999999999982,-0.009025270758122761,2.687954471791546,0,1975,4,2
1975-05-01,5.22,5.49,5.54,6.24,5.416666666666665,8.821666666666665,-0.27000000000000046,-0.049180327868852514,2.849991493873526,0,1975,5,2
1975-06-01,5.55,5.22,5.49,5.54,5.419999999999999,8.290000000000001,0.33000000000000007,0.06321839080459779,2.8122621111514707,1,1975,6,2
1975-07-01,6.1,5.55,5.22,5.49,5.623333333333332,7.721666666666667,0.5499999999999998,0.09909909909909898,2.458383923465062,1,1975,7,3
1975-08-01,6.14,6.1,5.55,5.22,5.93,7.232500000000001,0.040000000000000036,0.006557377049180246,2.0828438818988824,1,1975,8,3
1975-09-01,6.24,6.14,6.1,5.55,6.159999999999999,6.8075,0.10000000000000053,0.016286644951140072,1.6422441685361187,1,1975,9,3
1975-10-01,5.82,6.24,6.14,6.1,6.066666666666666,6.454166666666667,-0.41999999999999993,-0.06730769230769229,1.299121789611124,0,1975,10,4
1975-11-01,5.22,5.82,6.24,6.14,5.759999999999999,6.101666666666667,-0.6000000000000005,-0.10309278350515472,0.9352669364540991,0,1975,11,4
1975-12-01,5.2,5.22,5.82,6.24,5.413333333333333,5.824166666666667,-0.019999999999999574,-0.003831417624520994,0.5731961164198406,0,1975,12,4
1976-01-01,4.87,5.2,5.22,5.82,5.096666666666667,5.635833333333333,-0.33000000000000007,-0.06346153846153846,0.46648508372008735,0,1976,1,1
1976-02-01,4.77,4.87,5.2,5.22,4.946666666666666,5.513333333333333,-0.10000000000000053,-0.020533880903490842,0.48601035030754935,0,1976,2,1
1976-03-01,4.84,4.77,4.87,5.2,4.826666666666665,5.454999999999999,0.07000000000000028,0.014675052410901612,0.523111321369995,1,1976,3,1
1976-04-01,4.82,4.84,4.77,4.87,4.81,5.399166666666666,-0.019999999999999574,-0.004132231404958553,0.5538864066892781,0,1976,4,2
1976-05-01,5.29,4.82,4.84,4.77,4.983333333333333,5.405,0.46999999999999975,0.09751037344398328,0.5521939711896451,1,1976,5,2
1976-06-01,5.48,5.29,4.82,4.84,5.196666666666666,5.399166666666667,0.1900000000000004,0.035916824196597474,0.5508911513230808,1,1976,6,2
1976-07-01,5.31,5.48,5.29,4.82,5.359999999999999,5.333333333333333,-0.17000000000000082,-0.031021897810219135,0.5048011909893368,0,1976,7,3
1976-08-01,5.29,5.31,5.48,5.29,5.359999999999999,5.2625,-0.019999999999999574,-0.0037664783427494575,0.4363094189802936,0,1976,8,3
1976-09-01,5.25,5.29,5.31,5.48,5.283333333333332,5.18,-0.040000000000000036,-0.007561436672967825,0.3099853368966398,0,1976,9,3
1976-10-01,5.02,5.25,5.29,5.31,5.1866666666666665,5.113333333333333,-0.23000000000000043,-0.043809523809523854,0.23734644158560494,0,1976,10,4
1976-11-01,4.95,5.02,5.25,5.29,5.073333333333333,5.090833333333333,-0.0699999999999994,-0.013944223107569598,0.2391066073888085,0,1976,11,4
1976-12-01,4.65,4.95,5.02,5.25,4.873333333333333,5.045000000000001,-0.2999999999999998,-0.06060606060606055,0.2673268343501143,0,1976,12,4
1977-01-01,4.61,4.65,4.95,5.02,4.7366666666666655,5.023333333333333,-0.040000000000000036,-0.008602150537634468,0.2921809319064379,0,1977,1,1
1977-02-01,4.68,4.61,4.65,4.95,4.646666666666666,5.015833333333334,0.0699999999999994,0.015184381778741818,0.30031675197226215,1,1977,2,1
1977-03-01,4.69,4.68,4.61,4.65,4.659999999999999,5.003333333333333,0.010000000000000675,0.002136752136752351,0.3112243661100847,1,1977,3,1
1977-04-01,4.73,4.69,4.68,4.61,4.699999999999999,4.995833333333334,0.040000000000000036,0.008528784648187626,0.3170735026151258,1,1977,4,2
1977-05-01,5.35,4.73,4.69,4.68,4.923333333333333,5.0008333333333335,0.6199999999999992,0.13107822410147985,0.3225596021973535,1,1977,5,2
1977-06-01,5.39,5.35,4.73,4.69,5.156666666666666,4.993333333333333,0.040000000000000036,0.007476635514018781,0.3112535748851826,1,1977,6,2
1977-07-01,5.42,5.39,5.35,4.73,5.386666666666666,5.0025,0.03000000000000025,0.005565862708719838,0.32283192925340026,1,1977,7,3
1977-08-01,5.9,5.42,5.39,5.35,5.569999999999999,5.053333333333334,0.4800000000000004,0.08856088560885622,0.40879720096298156,1,1977,8,3
1977-09-01,6.14,5.9,5.42,5.39,5.819999999999999,5.1275,0.23999999999999932,0.04067796610169472,0.5147307327843776,1,1977,9,3
1977-10-01,6.47,6.14,5.9,5.42,6.169999999999999,5.248333333333333,0.33000000000000007,0.05374592833876224,0.6417282536363533,1,1977,10,4
1977-11-01,6.51,6.47,6.14,5.9,6.373333333333332,5.378333333333334,0.040000000000000036,0.0061823802163833985,0.7280089077044176,1,1977,11,4
1977-12-01,6.56,6.51,6.47,6.14,6.513333333333333,5.537499999999999,0.04999999999999982,0.007680491551459223,0.7622827559377202,1,1977,12,4
1978-01-01,6.7,6.56,6.51,6.47,6.59,5.711666666666666,0.14000000000000057,0.021341463414634276,0.7698268203520422,1,1978,1,1
1978-02-01,6.78,6.7,6.56,6.51,6.68,5.886666666666667,0.08000000000000007,0.011940298507462588,0.7524787322072569,1,1978,2,1
1978-03-01,6.79,6.78,6.7,6.56,6.756666666666667,6.0616666666666665,0.009999999999999787,0.001474926253687281,0.6905180312744528,1,1978,3,1
1978-04-01,6.89,6.79,6.78,6.7,6.82,6.241666666666666,0.09999999999999964,0.014727540500736325,0.585348898805938,1,1978,4,2
1978-05-01,7.36,6.89,6.79,6.78,7.013333333333333,6.409166666666667,0.47000000000000064,0.06821480406386082,0.5945121503970162,1,1978,5,2
1978-06-01,7.6,7.36,6.89,6.79,7.283333333333332,6.593333333333334,0.23999999999999932,0.032608695652173836,0.5923962637739343,1,1978,6,2
1978-07-01,7.81,7.6,7.36,6.89,7.589999999999999,6.7924999999999995,0.20999999999999996,0.02763157894736845,0.5630941306744184,1,1978,7,3
1978-08-01,8.04,7.81,7.6,7.36,7.8166666666666655,6.970833333333332,0.22999999999999954,0.02944942381562088,0.5928277127207128,1,1978,8,3
1978-09-01,8.45,8.04,7.81,7.6,8.1,7.163333333333333,0.41000000000000014,0.05099502487562191,0.6687074823640511,1,1978,9,3
1978-10-01,8.96,8.45,8.04,7.81,8.483333333333333,7.370833333333333,0.5100000000000016,0.06035502958579908,0.8061971147794778,1,1978,10,4
1978-11-01,9.76,8.96,8.45,8.04,9.056666666666667,7.641666666666667,0.7999999999999989,0.08928571428571419,1.0106868351709342,1,1978,11,4
1978-12-01,10.03,9.76,8.96,8.45,9.583333333333334,7.930833333333333,0.2699999999999996,0.027663934426229497,1.1586470035294756,1,1978,12,4
1979-01-01,10.07,10.03,9.76,8.96,9.953333333333333,8.211666666666666,0.040000000000000924,0.003988035892323216,1.238832539371649,1,1979,1,1
1979-02-01,10.06,10.07,10.03,9.76,10.053333333333333,8.485,-0.009999999999999787,-0.0009930486593843213,1.2559639543177172,0,1979,2,1
1979-03-01,10.09,10.06,10.07,10.03,10.073333333333332,8.76,0.02999999999999936,0.0029821073558646827,1.211587988775636,1,1979,3,1
1979-04-01,10.01,10.09,10.06,10.07,10.053333333333333,9.020000000000001,-0.08000000000000007,-0.007928642220019877,1.1037868700729256,0,1979,4,2
1979-05-01,10.24,10.01,10.09,10.06,10.113333333333332,9.26,0.23000000000000043,0.022977022977022976,1.01995543574659,1,1979,5,2
1979-06-01,10.29,10.24,10.01,10.09,10.18,9.484166666666665,0.049999999999998934,0.0048828125,0.9118259237110092,1,1979,6,2
1979-07-01,10.47,10.29,10.24,10.01,10.333333333333334,9.705833333333333,0.1800000000000015,0.017492711370262537,0.7819027878815146,1,1979,7,3
1979-08-01,10.94,10.47,10.29,10.24,10.566666666666665,9.9475,0.46999999999999886,0.04489016236867238,0.6586780838784054,1,1979,8,3
1979-09-01,11.43,10.94,10.47,10.29,10.946666666666665,10.195833333333333,0.4900000000000002,0.04478976234003662,0.6020941988113886,1,1979,9,3
1979-10-01,13.77,11.43,10.94,10.47,12.046666666666667,10.596666666666666,2.34,0.20472440944881898,1.0998787811996502,1,1979,10,4
1979-11-01,13.18,13.77,11.43,10.94,12.793333333333331,10.881666666666666,-0.5899999999999999,-0.042846768336964436,1.2900305375760208,0,1979,11,4
1979-12-01,13.78,13.18,13.77,11.43,13.576666666666666,11.194166666666666,0.5999999999999996,0.04552352048558417,1.501789589022661,1,1979,12,4
1980-01-01,13.82,13.78,13.18,13.77,13.593333333333332,11.506666666666668,0.040000000000000924,0.002902757619738905,1.6311865917084944,1,1980,1,1
1980-02-01,14.13,13.82,13.78,13.18,13.909999999999998,11.845833333333333,0.3100000000000005,0.02243125904486254,1.7235558293741369,1,1980,2,1
1980-03-01,17.19,14.13,13.82,13.78,15.046666666666667,12.4375,3.0600000000000005,0.21656050955414008,2.2146911338111415,1,1980,3,1
1980-04-01,17.61,17.19,14.13,13.82,16.31,13.070833333333335,0.41999999999999815,0.024432809773123898,2.5226625844831814,1,1980,4,2
1980-05-01,10.98,17.61,17.19,14.13,15.26,13.1325,-6.629999999999999,-0.3764906303236797,2.455317513257489,0,1980,5,2
1980-06-01,9.47,10.98,17.61,17.19,12.686666666666667,13.064166666666667,-1.5099999999999998,-0.13752276867030966,2.5511582336917447,0,1980,6,2
1980-07-01,9.03,9.47,10.98,17.61,9.826666666666666,12.944166666666668,-0.4400000000000013,-0.046462513199577726,2.7130072490380823,0,1980,7,3
1980-08-01,9.61,9.03,9.47,10.98,9.37,12.833333333333334,0.5800000000000001,0.06423034330011079,2.8270940214397644,1,1980,8,3
1980-09-01,10.87,9.61,9.03,9.47,9.836666666666666,12.786666666666667,1.2599999999999998,0.1311134235171696,2.856830199343084,1,1980,9,3
1980-10-01,12.81,10.87,9.61,9.03,11.096666666666666,12.706666666666665,1.9400000000000013,0.1784728610855566,2.8401835194652967,1,1980,10,4
1980-11-01,15.85,12.81,10.87,9.61,13.176666666666668,12.929166666666667,3.039999999999999,0.2373145979703355,2.9816940222672237,1,1980,11,4
1980-12-01,18.9,15.85,12.81,10.87,15.853333333333333,13.355833333333335,3.049999999999999,0.19242902208201884,3.4448629959123056,1,1980,12,4
1981-01-01,19.08,18.9,15.85,12.81,17.94333333333333,13.794166666666664,0.17999999999999972,0.00952380952380949,3.8231696947887825,1,1981,1,1
1981-02-01,15.93,19.08,18.9,15.85,17.97,13.944166666666666,-3.1499999999999986,-0.16509433962264142,3.872536069045766,0,1981,2,1
1981-03-01,14.7,15.93,19.08,18.9,16.569999999999997,13.736666666666666,-1.2300000000000004,-0.07721280602636538,3.747496942404779,0,1981,3,1
1981-04-01,15.72,14.7,15.93,19.08,15.450000000000001,13.579166666666667,1.0200000000000014,0.06938775510204098,3.6069918424519605,1,1981,4,2
1981-05-01,18.52,15.72,14.7,15.93,16.313333333333333,14.207499999999998,2.799999999999999,0.1781170483460559,3.766271667408911,1,1981,5,2
1981-06-01,19.1,18.52,15.72,14.7,17.779999999999998,15.01,0.5800000000000018,0.03131749460043198,3.6902500531190663,1,1981,6,2
1981-07-01,19.04,19.1,18.52,15.72,18.886666666666667,15.844166666666666,-0.060000000000002274,-0.003141361256544628,3.3293173155886766,0,1981,7,3
1981-08-01,17.82,19.04,19.1,18.52,18.653333333333332,16.528333333333332,-1.2199999999999989,-0.06407563025210083,2.71945794509702,0,1981,8,3
1981-09-01,15.87,17.82,19.04,19.1,17.576666666666664,16.945,-1.950000000000001,-0.10942760942760954,2.082029167553913,0,1981,9,3
1981-10-01,15.08,15.87,17.82,19.04,16.256666666666664,17.134166666666665,-0.7899999999999991,-0.04977945809703843,1.7486070213605163,0,1981,10,4
1981-11-01,13.31,15.08,15.87,17.82,14.753333333333332,16.9225,-1.7699999999999996,-0.11737400530503972,2.0465364310551983,0,1981,11,4
1981-12-01,12.37,13.31,15.08,15.87,13.586666666666668,16.378333333333334,-0.9400000000000013,-0.07062359128474838,2.3224745162838003,0,1981,12,4
1982-01-01,13.22,12.37,13.31,15.08,12.966666666666667,15.889999999999999,0.8500000000000014,0.06871463217461615,2.3188398353094555,1,1982,1,1
1982-02-01,14.78,13.22,12.37,13.31,13.456666666666665,15.794166666666667,1.5599999999999987,0.11800302571860799,2.340697092489261,1,1982,2,1
1982-03-01,14.68,14.78,13.22,12.37,14.226666666666667,15.792499999999999,-0.09999999999999964,-0.006765899864682012,2.341553971190885,0,1982,3,1
1982-04-01,14.94,14.68,14.78,13.22,14.799999999999999,15.7275,0.2599999999999998,0.017711171662125436,2.354539619157346,1,1982,4,2
1982-05-01,14.45,14.94,14.68,14.78,14.69,15.388333333333334,-0.4900000000000002,-0.03279785809906288,2.2040451791002287,0,1982,5,2
1982-06-01,14.15,14.45,14.94,14.68,14.513333333333334,14.975833333333334,-0.29999999999999893,-0.02076124567474036,1.8865816047854815,0,1982,6,2
1982-07-01,12.59,14.15,14.45,14.94,13.729999999999999,14.438333333333333,-1.5600000000000005,-0.11024734982332163,1.5032983937348825,0,1982,7,3
1982-08-01,10.12,12.59,14.15,14.45,12.286666666666667,13.796666666666667,-2.4700000000000006,-0.19618745035742657,1.5704795638931075,0,1982,8,3
1982-09-01,10.31,10.12,12.59,14.15,11.006666666666666,13.333333333333334,0.19000000000000128,0.018774703557312478,1.7165628094502425,1,1982,9,3
1982-10-01,9.71,10.31,10.12,12.59,10.046666666666667,12.885833333333332,-0.5999999999999996,-0.058195926285160016,1.9090000158737288,0,1982,10,4
1982-11-01,9.2,9.71,10.31,10.12,9.74,12.543333333333335,-0.5100000000000016,-0.05252317198764178,2.176002729499143,0,1982,11,4
1982-12-01,8.95,9.2,9.71,10.31,9.286666666666667,12.258333333333333,-0.25,-0.02717391304347827,2.4119431371758213,0,1982,12,4
1983-01-01,8.68,8.95,9.2,9.71,8.943333333333333,11.88,-0.2699999999999996,-0.03016759776536304,2.59639960504749,0,1983,1,1
1983-02-01,8.51,8.68,8.95,9.2,8.713333333333333,11.3575,-0.16999999999999993,-0.019585253456221197,2.5906304076596434,0,1983,2,1
1983-03-01,8.77,8.51,8.68,8.95,8.653333333333334,10.865,0.2599999999999998,0.03055229142185656,2.4600535840431417,1,1983,3,1
1983-04-01,8.8,8.77,8.51,8.68,8.693333333333333,10.353333333333333,0.030000000000001137,0.003420752565564511,2.155067319485642,1,1983,4,2
1983-05-01,8.63,8.8,8.77,8.51,8.733333333333334,9.868333333333332,-0.16999999999999993,-0.01931818181818179,1.7697448883092886,0,1983,5,2
1983-06-01,8.98,8.63,8.8,8.77,8.803333333333333,9.4375,0.34999999999999964,0.04055619930475074,1.1552656129061964,1,1983,6,2
1983-07-01,9.37,8.98,8.63,8.8,8.993333333333332,9.169166666666667,0.3899999999999988,0.04342984409799544,0.5941603446473124,1,1983,7,3
1983-08-01,9.56,9.37,8.98,8.63,9.303333333333333,9.1225,0.19000000000000128,0.020277481323372593,0.5313640251961231,1,1983,8,3
1983-09-01,9.45,9.56,9.37,8.98,9.459999999999999,9.050833333333332,-0.11000000000000121,-0.011506276150627714,0.39786837323936963,0,1983,9,3
1983-10-01,9.48,9.45,9.56,9.37,9.496666666666666,9.031666666666666,0.030000000000001137,0.0031746031746033854,0.3676172251708622,1,1983,10,4
1983-11-01,9.34,9.48,9.45,9.56,9.423333333333334,9.043333333333333,-0.14000000000000057,-0.014767932489451518,0.37558035899192876,0,1983,11,4
1983-12-01,9.47,9.34,9.48,9.45,9.43,9.086666666666666,0.13000000000000078,0.013918629550321304,0.39340779983319646,1,1983,12,4
1984-01-01,9.56,9.47,9.34,9.48,9.456666666666667,9.16,0.08999999999999986,0.009503695881731833,0.3927293770986098,1,1984,1,1
1984-02-01,9.59,9.56,9.47,9.34,9.540000000000001,9.25,0.02999999999999936,0.003138075313807498,0.35185224171503754,1,1984,2,1
1984-03-01,9.91,9.59,9.56,9.47,9.686666666666666,9.345,0.3200000000000003,0.033368091762252305,0.3641553115210412,1,1984,3,1
1984-04-01,10.29,9.91,9.59,9.56,9.93,9.469166666666666,0.379999999999999,0.038345105953582204,0.41227656942501967,1,1984,4,2
1984-05-01,10.32,10.29,9.91,9.59,10.173333333333334,9.610000000000001,0.030000000000001137,0.00291545189504383,0.3874626081664704,1,1984,5,2
1984-06-01,11.06,10.32,10.29,9.91,10.556666666666667,9.783333333333333,0.7400000000000002,0.07170542635658927,0.5219253400688154,1,1984,6,2
1984-07-01,11.23,11.06,10.32,10.29,10.87,9.938333333333334,0.16999999999999993,0.015370705244122984,0.6487867464923488,1,1984,7,3
1984-08-01,11.64,11.23,11.06,10.32,11.31,10.111666666666666,0.41000000000000014,0.0365093499554765,0.798986099928321,1,1984,8,3
1984-09-01,11.3,11.64,11.23,11.06,11.39,10.265833333333335,-0.33999999999999986,-0.029209621993127155,0.8372732619350705,0,1984,9,3
1984-10-01,9.99,11.3,11.64,11.23,10.976666666666668,10.308333333333334,-1.3100000000000005,-0.11592920353982306,0.8061224059243176,0,1984,10,4
1984-11-01,9.43,9.99,11.3,11.64,10.24,10.315833333333334,-0.5600000000000005,-0.056056056056056125,0.7966573157812308,0,1984,11,4
1984-12-01,8.38,9.43,9.99,11.3,9.266666666666667,10.225,-1.049999999999999,-0.11134676564156931,0.949368210969737,0,1984,12,4
1985-01-01,8.35,8.38,9.43,9.99,8.72,10.124166666666667,-0.030000000000001137,-0.0035799522673032325,1.0814843195040857,0,1985,1,1
1985-02-01,8.5,8.35,8.38,9.43,8.41,10.033333333333333,0.15000000000000036,0.017964071856287456,1.1723816732952936,1,1985,2,1
1985-03-01,8.58,8.5,8.35,8.38,8.476666666666667,9.922500000000001,0.08000000000000007,0.009411764705882453,1.2456770703662534,1,1985,3,1
1985-04-01,8.27,8.58,8.5,8.35,8.450000000000001,9.754166666666666,-0.3100000000000005,-0.036130536130536184,1.325432748085267,0,1985,4,2
1985-05-01,7.97,8.27,8.58,8.5,8.273333333333333,9.558333333333334,-0.2999999999999998,-0.03627569528415964,1.4054234776447454,0,1985,5,2
1985-06-01,7.53,7.97,8.27,8.58,7.923333333333335,9.264166666666666,-0.4399999999999995,-0.05520702634880792,1.4317215215087822,0,1985,6,2
1985-07-01,7.88,7.53,7.97,8.27,7.793333333333333,8.985,0.34999999999999964,0.04648074369189903,1.3370353908418249,1,1985,7,3
1985-08-01,7.9,7.88,7.53,7.97,7.7700000000000005,8.673333333333334,0.020000000000000462,0.002538071065989911,1.0713995378461265,1,1985,8,3
1985-09-01,7.92,7.9,7.88,7.53,7.8999999999999995,8.391666666666667,0.019999999999999574,0.0025316455696202667,0.6969391956434748,1,1985,9,3
1985-10-01,7.99,7.92,7.9,7.88,7.936666666666667,8.225,0.07000000000000028,0.008838383838383868,0.4876940173360648,1,1985,10,4
1985-11-01,8.05,7.99,7.92,7.9,7.986666666666667,8.11,0.0600000000000005,0.007509386733416834,0.30692018506435603,1,1985,11,4
1985-12-01,8.27,8.05,7.99,7.92,8.103333333333333,8.100833333333334,0.21999999999999886,0.027329192546583725,0.29968038529952556,1,1985,12,4
1986-01-01,8.14,8.27,8.05,7.99,8.153333333333334,8.083333333333334,-0.129999999999999,-0.015719467956469058,0.2897752525141446,0,1986,1,1
1986-02-01,7.86,8.14,8.27,8.05,8.09,8.030000000000001,-0.28000000000000025,-0.03439803439803446,0.2638525759171636,0,1986,2,1
1986-03-01,7.48,7.86,8.14,8.27,7.826666666666667,7.938333333333333,-0.3799999999999999,-0.0483460559796437,0.24586889830041175,0,1986,3,1
1986-04-01,6.99,7.48,7.86,8.14,7.443333333333334,7.831666666666667,-0.4900000000000002,-0.06550802139037437,0.34611698845464867,0,1986,4,2
1986-05-01,6.85,6.99,7.48,7.86,7.1066666666666665,7.738333333333333,-0.14000000000000057,-0.02002861230329045,0.44290022133721496,0,1986,5,2
1986-06-01,6.92,6.85,6.99,7.48,6.920000000000001,7.6875,0.07000000000000028,0.010218978102189746,0.5002749244165143,1,1986,6,2
1986-07-01,6.56,6.92,6.85,6.99,6.776666666666666,7.577500000000001,-0.3600000000000003,-0.052023121387283267,0.5909949238360273,0,1986,7,3
1986-08-01,6.17,6.56,6.92,6.85,6.55,7.433333333333334,-0.3899999999999997,-0.05945121951219512,0.705154184730105,0,1986,8,3
1986-09-01,5.89,6.17,6.56,6.92,6.206666666666666,7.264166666666667,-0.28000000000000025,-0.04538087520259326,0.8130353714024218,0,1986,9,3
1986-10-01,5.85,5.89,6.17,6.56,5.97,7.085833333333333,-0.040000000000000036,-0.006791171477079749,0.8719201207505535,0,1986,10,4
1986-11-01,6.04,5.85,5.89,6.17,5.926666666666667,6.918333333333334,0.1900000000000004,0.032478632478632585,0.8628792534651486,1,1986,11,4
1986-12-01,6.91,6.04,5.85,5.89,6.266666666666666,6.805,0.8700000000000001,0.14403973509933787,0.7513079504195366,1,1986,12,4
1987-01-01,6.43,6.91,6.04,5.85,6.460000000000001,6.6625000000000005,-0.4800000000000004,-0.06946454413892911,0.6269569363201681,0,1987,1,1
1987-02-01,6.1,6.43,6.91,6.04,6.4799999999999995,6.515833333333333,-0.33000000000000007,-0.051321928460342114,0.5176952127780472,0,1987,2,1
1987-03-01,6.13,6.1,6.43,6.91,6.22,6.403333333333333,0.03000000000000025,0.004918032786885185,0.42804700959616426,1,1987,3,1
1987-04-01,6.37,6.13,6.1,6.43,6.2,6.351666666666667,0.2400000000000002,0.039151712887438794,0.38616608140050274,1,1987,4,2
1987-05-01,6.85,6.37,6.13,6.1,6.45,6.351666666666667,0.47999999999999954,0.0753532182103609,0.38616608140050274,1,1987,5,2
1987-06-01,6.73,6.85,6.37,6.13,6.650000000000001,6.335833333333333,-0.11999999999999922,-0.017518248175182327,0.3640044538521748,0,1987,6,2
1987-07-01,6.58,6.73,6.85,6.37,6.72,6.3374999999999995,-0.15000000000000036,-0.022288261515601815,0.36516808085141406,0,1987,7,3
1987-08-01,6.73,6.58,6.73,6.85,6.68,6.384166666666666,0.15000000000000036,0.022796352583586588,0.3773943761524432,1,1987,8,3
1987-09-01,7.22,6.73,6.58,6.73,6.843333333333334,6.495,0.4899999999999993,0.07280832095096579,0.41271826181590016,1,1987,9,3
1987-10-01,7.29,7.22,6.73,6.58,7.080000000000001,6.614999999999999,0.07000000000000028,0.00969529085872578,0.4174489625853776,1,1987,10,4
1987-11-01,6.69,7.29,7.22,6.73,7.066666666666666,6.6691666666666665,-0.5999999999999996,-0.08230452674897115,0.37618801714354844,0,1987,11,4
1987-12-01,6.77,6.69,7.29,7.22,6.916666666666667,6.6575,0.07999999999999918,0.01195814648729443,0.370162740622858,1,1987,12,4
1988-01-01,6.83,6.77,6.69,7.29,6.763333333333333,6.690833333333334,0.0600000000000005,0.00886262924667669,0.3657982139558684,1,1988,1,1
1988-02-01,6.58,6.83,6.77,6.69,6.726666666666667,6.730833333333333,-0.25,-0.03660322108345537,0.3185038413734848,0,1988,2,1
1988-03-01,6.58,6.58,6.83,6.77,6.663333333333333,6.7683333333333335,0.0,0.0,0.26298404145608184,0,1988,3,1
1988-04-01,6.87,6.58,6.58,6.83,6.676666666666667,6.81,0.29000000000000004,0.04407294832826758,0.23190907309069522,1,1988,4,2
1988-05-01,7.09,6.87,6.58,6.58,6.846666666666667,6.830000000000001,0.21999999999999975,0.03202328966521106,0.24561610844413187,1,1988,5,2
1988-06-01,7.51,7.09,6.87,6.58,7.156666666666666,6.895,0.41999999999999993,0.05923836389280668,0.3112000233698899,1,1988,6,2
1988-07-01,7.75,7.51,7.09,6.87,7.45,6.9925,0.2400000000000002,0.031957390146471365,0.37935651257929803,1,1988,7,3
1988-08-01,8.01,7.75,7.51,7.09,7.756666666666667,7.099166666666666,0.2599999999999998,0.0335483870967741,0.46835220494703467,1,1988,8,3
1988-09-01,8.19,8.01,7.75,7.51,7.983333333333333,7.18,0.17999999999999972,0.022471910112359605,0.5648652293004827,1,1988,9,3
1988-10-01,8.3,8.19,8.01,7.75,8.166666666666666,7.264166666666667,0.11000000000000121,0.013431013431013605,0.6513686057878584,1,1988,10,4
1988-11-01,8.35,8.3,8.19,8.01,8.280000000000001,7.402500000000001,0.049999999999998934,0.0060240963855420215,0.6932679529196553,1,1988,11,4
1988-12-01,8.76,8.35,8.3,8.19,8.47,7.5683333333333325,0.41000000000000014,0.049101796407185594,0.7627442480141945,1,1988,12,4
1989-01-01,9.12,8.76,8.35,8.3,8.743333333333332,7.759166666666666,0.35999999999999943,0.041095890410958846,0.8434286986443587,1,1989,1,1
1989-02-01,9.36,9.12,8.76,8.35,9.079999999999998,7.990833333333334,0.2400000000000002,0.026315789473684292,0.8714299464185822,1,1989,2,1
1989-03-01,9.85,9.36,9.12,8.76,9.443333333333333,8.263333333333334,0.4900000000000002,0.052350427350427386,0.9009220865649491,1,1989,3,1
1989-04-01,9.84,9.85,9.36,9.12,9.683333333333334,8.510833333333332,-0.009999999999999787,-0.0010152284263958977,0.8912550735118073,0,1989,4,2
1989-05-01,9.81,9.84,9.85,9.36,9.833333333333334,8.737499999999999,-0.02999999999999936,-0.0030487804878047697,0.8415475463259338,0,1989,5,2
1989-06-01,9.53,9.81,9.84,9.85,9.726666666666667,8.905833333333334,-0.28000000000000114,-0.02854230377166167,0.7729219451750978,0,1989,6,2
1989-07-01,9.24,9.53,9.81,9.84,9.526666666666666,9.03,-0.28999999999999915,-0.030430220356768012,0.6850481071361559,0,1989,7,3
1989-08-01,8.99,9.24,9.53,9.81,9.253333333333332,9.111666666666666,-0.25,-0.027056277056277,0.6062827623136811,0,1989,8,3
1989-09-01,9.02,8.99,9.24,9.53,9.083333333333334,9.180833333333334,0.02999999999999936,0.0033370411568409697,0.534695466994214,1,1989,9,3
1989-10-01,8.84,9.02,8.99,9.24,8.95,9.225833333333332,-0.17999999999999972,-0.019955654101995512,0.4729877633114221,0,1989,10,4
1989-11-01,8.55,8.84,9.02,8.99,8.803333333333333,9.2425,-0.28999999999999915,-0.03280542986425328,0.44181701271815,0,1989,11,4
1989-12-01,8.45,8.55,8.84,9.02,8.613333333333333,9.216666666666667,-0.10000000000000142,-0.011695906432748648,0.48000631308971164,0,1989,12,4
1990-01-01,8.23,8.45,8.55,8.84,8.41,9.1425,-0.21999999999999886,-0.026035502958579704,0.5586204598667479,0,1990,1,1
1990-02-01,8.24,8.23,8.45,8.55,8.306666666666667,9.049166666666666,0.009999999999999787,0.0012150668286754485,0.6101632916065687,1,1990,2,1
1990-03-01,8.28,8.24,8.23,8.45,8.25,8.918333333333333,0.03999999999999915,0.004854368932038833,0.5908519785919166,1,1990,3,1
1990-04-01,8.26,8.28,8.24,8.23,8.26,8.786666666666667,-0.019999999999999574,-0.0024154589371979673,0.5407122127061871,0,1990,4,2
1990-05-01,8.18,8.26,8.28,8.24,8.24,8.650833333333333,-0.08000000000000007,-0.009685230024213065,0.45880196427671077,0,1990,5,2
1990-06-01,8.29,8.18,8.26,8.28,8.243333333333332,8.5475,0.10999999999999943,0.01344743276283622,0.37472717348143014,1,1990,6,2
1990-07-01,8.15,8.29,8.18,8.26,8.206666666666667,8.456666666666667,-0.1399999999999988,-0.016887816646562026,0.3196683887840762,0,1990,7,3
1990-08-01,8.13,8.15,8.29,8.18,8.19,8.385,-0.019999999999999574,-0.0024539877300613355,0.28359702524392244,0,1990,8,3
1990-09-01,8.2,8.13,8.15,8.29,8.159999999999998,8.316666666666666,0.06999999999999851,0.008610086100860892,0.20442083745990505,1,1990,9,3
1990-10-01,8.11,8.2,8.13,8.15,8.146666666666667,8.255833333333333,-0.08999999999999986,-0.01097560975609757,0.12936617046406262,0,1990,10,4
1990-11-01,7.81,8.11,8.2,8.13,8.04,8.194166666666666,-0.2999999999999998,-0.036991368680641123,0.1509640735906499,0,1990,11,4
1990-12-01,7.31,7.81,8.11,8.2,7.743333333333332,8.099166666666667,-0.5,-0.06402048655569781,0.27939734928558596,0,1990,12,4
1991-01-01,6.91,7.31,7.81,8.11,7.343333333333334,7.989166666666667,-0.39999999999999947,-0.05471956224350194,0.43802155059747117,0,1991,1,1
1991-02-01,6.25,6.91,7.31,7.81,6.823333333333333,7.823333333333333,-0.6600000000000001,-0.09551374819102754,0.6565935969190436,0,1991,2,1
1991-03-01,6.12,6.25,6.91,7.31,6.426666666666667,7.6433333333333335,-0.1299999999999999,-0.02079999999999993,0.8003559814042969,0,1991,3,1
1991-04-01,5.91,6.12,6.25,6.91,6.093333333333334,7.447500000000001,-0.20999999999999996,-0.03431372549019607,0.9150372570655919,0,1991,4,2
1991-05-01,5.78,5.91,6.12,6.25,5.936666666666667,7.2475,-0.1299999999999999,-0.021996615905245376,0.9988277219729941,0,1991,5,2
1991-06-01,5.9,5.78,5.91,6.12,5.863333333333333,7.048333333333333,0.1200000000000001,0.02076124567474058,1.0102729904097507,1,1991,6,2
1991-07-01,5.82,5.9,5.78,5.91,5.833333333333333,6.854166666666667,-0.08000000000000007,-0.013559322033898313,1.0031718635800824,0,1991,7,3
1991-08-01,5.66,5.82,5.9,5.78,5.793333333333334,6.648333333333333,-0.16000000000000014,-0.027491408934707917,0.9704622453742954,0,1991,8,3
1991-09-01,5.45,5.66,5.82,5.9,5.6433333333333335,6.4191666666666665,-0.20999999999999996,-0.03710247349823326,0.8922846909461812,0,1991,9,3
1991-10-01,5.21,5.45,5.66,5.82,5.44,6.177499999999999,-0.2400000000000002,-0.044036697247706424,0.7781227409605476,0,1991,10,4
1991-11-01,4.81,5.21,5.45,5.66,5.156666666666666,5.927499999999999,-0.40000000000000036,-0.07677543186180424,0.6819240826847316,0,1991,11,4
1991-12-01,4.43,4.81,5.21,5.45,4.816666666666666,5.6875,-0.3799999999999999,-0.079002079002079,0.6574900621440164,0,1991,12,4
1992-01-01,4.03,4.43,4.81,5.21,4.423333333333333,5.447500000000001,-0.39999999999999947,-0.09029345372460484,0.695232139125264,0,1992,1,1
1992-02-01,4.06,4.03,4.43,4.81,4.173333333333333,5.265,0.02999999999999936,0.007444168734491052,0.7506542600836842,1,1992,2,1
1992-03-01,3.98,4.06,4.03,4.43,4.023333333333333,5.086666666666667,-0.07999999999999963,-0.01970443349753681,0.7825870074582068,0,1992,3,1
1992-04-01,3.73,3.98,4.06,4.03,3.9233333333333333,4.905,-0.25,-0.06281407035175879,0.8259154700308818,0,1992,4,2
1992-05-01,3.82,3.73,3.98,4.06,3.8433333333333333,4.741666666666666,0.08999999999999986,0.024128686327077764,0.8309341220286274,1,1992,5,2
1992-06-01,3.76,3.82,3.73,3.98,3.7699999999999996,4.5633333333333335,-0.06000000000000005,-0.015706806282722474,0.7882815986611963,0,1992,6,2
1992-07-01,3.25,3.76,3.82,3.73,3.61,4.349166666666666,-0.5099999999999998,-0.13563829787234039,0.7645849537593103,0,1992,7,3
1992-08-01,3.3,3.25,3.76,3.82,3.436666666666666,4.1525,0.04999999999999982,0.01538461538461533,0.697321172905137,1,1992,8,3
1992-09-01,3.22,3.3,3.25,3.76,3.2566666666666664,3.966666666666667,-0.07999999999999963,-0.024242424242424176,0.6120358476330116,0,1992,9,3
1992-10-01,3.1,3.22,3.3,3.25,3.2066666666666666,3.7908333333333335,-0.1200000000000001,-0.037267080745341685,0.5182743803559229,0,1992,10,4
1992-11-01,3.09,3.1,3.22,3.3,3.1366666666666667,3.6474999999999995,-0.010000000000000231,-0.003225806451612967,0.44319347304020534,0,1992,11,4
1992-12-01,2.92,3.09,3.1,3.22,3.0366666666666666,3.5216666666666665,-0.16999999999999993,-0.055016181229773475,0.41424264591777155,0,1992,12,4
1993-01-01,3.02,2.92,3.09,3.1,3.0100000000000002,3.4375,0.10000000000000009,0.03424657534246589,0.40405051439369066,1,1993,1,1
1993-02-01,3.03,3.02,2.92,3.09,2.99,3.3516666666666666,0.009999999999999787,0.0033112582781456013,0.3675430298453067,1,1993,2,1
1993-03-01,3.07,3.03,3.02,2.92,3.0400000000000005,3.275833333333333,0.040000000000000036,0.013201320132013139,0.3164421053851661,1,1993,3,1
1993-04-01,2.96,3.07,3.03,3.02,3.0199999999999996,3.2116666666666664,-0.10999999999999988,-0.03583061889250816,0.2931903921696576,0,1993,4,2
1993-05-01,3.0,2.96,3.07,3.03,3.0100000000000002,3.143333333333333,0.040000000000000036,0.013513513513513598,0.2264883434019562,1,1993,5,2
1993-06-01,3.04,3.0,2.96,3.07,3.0,3.0833333333333335,0.040000000000000036,0.01333333333333342,0.11734435209966754,1,1993,6,2
1993-07-01,3.06,3.04,3.0,2.96,3.033333333333333,3.0675000000000003,0.020000000000000018,0.006578947368421018,0.10497835274688108,1,1993,7,3
1993-08-01,3.03,3.06,3.04,3.0,3.043333333333333,3.045,-0.03000000000000025,-0.009803921568627527,0.07537783614440403,0,1993,8,3
1993-09-01,3.09,3.03,3.06,3.04,3.06,3.0341666666666662,0.06000000000000005,0.01980198019801982,0.054348761520226926,1,1993,9,3
1993-10-01,2.99,3.09,3.03,3.06,3.0366666666666666,3.025,-0.09999999999999964,-0.032362459546925404,0.0514339823992788,0,1993,10,4
1993-11-01,3.02,2.99,3.09,3.03,3.033333333333333,3.019166666666667,0.029999999999999805,0.010033444816053505,0.04718596350091869,1,1993,11,4
1993-12-01,2.96,3.02,2.99,3.09,2.99,3.0225000000000004,-0.06000000000000005,-0.019867549668874163,0.04048007366138533,0,1993,12,4
1994-01-01,3.05,2.96,3.02,2.99,3.01,3.025,0.08999999999999986,0.03040540540540526,0.04123105625611321,1,1994,1,1
1994-02-01,3.25,3.05,2.96,3.02,3.0866666666666664,3.0433333333333334,0.20000000000000018,0.06557377049180335,0.07702813338857281,1,1994,2,1
1994-03-01,3.34,3.25,3.05,2.96,3.213333333333333,3.0658333333333334,0.08999999999999986,0.027692307692307683,0.11540114489214676,1,1994,3,1
1994-04-01,3.56,3.34,3.25,3.05,3.3833333333333333,3.1158333333333332,0.2200000000000002,0.06586826347305386,0.17824693460747873,1,1994,4,2
1994-05-01,4.01,3.56,3.34,3.25,3.6366666666666667,3.1999999999999997,0.44999999999999973,0.1264044943820224,0.3090454512027033,1,1994,5,2
1994-06-01,4.25,4.01,3.56,3.34,3.94,3.3008333333333333,0.2400000000000002,0.05985037406483795,0.4269864450335795,1,1994,6,2
1994-07-01,4.26,4.25,4.01,3.56,4.173333333333333,3.4008333333333334,0.009999999999999787,0.0023529411764704466,0.499771917675411,1,1994,7,3
1994-08-01,4.47,4.26,4.25,4.01,4.326666666666667,3.5208333333333335,0.20999999999999996,0.04929577464788726,0.5705094745979654,1,1994,8,3
1994-09-01,4.73,4.47,4.26,4.25,4.486666666666667,3.6575,0.2600000000000007,0.05816554809843422,0.6489589565394033,1,1994,9,3
1994-10-01,4.76,4.73,4.47,4.26,4.653333333333333,3.8049999999999997,0.02999999999999936,0.006342494714587588,0.6836732340153973,1,1994,10,4
1994-11-01,5.29,4.76,4.73,4.47,4.926666666666667,3.9941666666666666,0.5300000000000002,0.1113445378151261,0.7568530340505303,1,1994,11,4
1994-12-01,5.45,5.29,4.76,4.73,5.166666666666667,4.201666666666666,0.16000000000000014,0.030245746691871522,0.7882297004084755,1,1994,12,4
1995-01-01,5.53,5.45,5.29,4.76,5.423333333333333,4.408333333333333,0.08000000000000007,0.014678899082568808,0.783927563134755,1,1995,1,1
1995-02-01,5.92,5.53,5.45,5.29,5.633333333333333,4.630833333333333,0.3899999999999997,0.07052441229656403,0.8039273862882204,1,1995,2,1
1995-03-01,5.98,5.92,5.53,5.45,5.81,4.850833333333333,0.0600000000000005,0.01013513513513531,0.7794223774207447,1,1995,3,1
1995-04-01,6.05,5.98,5.92,5.53,5.983333333333333,5.058333333333334,0.0699999999999994,0.011705685618728978,0.7346963916331343,1,1995,4,2
1995-05-01,6.01,6.05,5.98,5.92,6.013333333333333,5.2250000000000005,-0.040000000000000036,-0.006611570247933907,0.7013558298039286,0,1995,5,2
1995-06-01,6.0,6.01,6.05,5.98,6.02,5.370833333333334,-0.009999999999999787,-0.0016638935108153063,0.6609697879676618,0,1995,6,2
1995-07-01,5.85,6.0,6.01,6.05,5.953333333333333,5.503333333333333,-0.15000000000000036,-0.025000000000000022,0.571335490254365,0,1995,7,3
1995-08-01,5.74,5.85,6.0,6.01,5.863333333333333,5.609166666666667,-0.10999999999999943,-0.018803418803418737,0.4714090741081113,0,1995,8,3
1995-09-01,5.8,5.74,5.85,6.0,5.796666666666667,5.698333333333333,0.05999999999999961,0.010452961672473782,0.38287983715118756,1,1995,9,3
1995-10-01,5.76,5.8,5.74,5.85,5.766666666666666,5.781666666666666,-0.040000000000000036,-0.006896551724137945,0.2435656840037019,0,1995,10,4
1995-11-01,5.8,5.76,5.8,5.74,5.786666666666666,5.824166666666667,0.040000000000000036,0.00694444444444442,0.18817102150246556,1,1995,11,4
1995-12-01,5.6,5.8,5.76,5.8,5.72,5.836666666666667,-0.20000000000000018,-0.034482758620689724,0.16455633648916626,0,1995,12,4
1996-01-01,5.56,5.6,5.8,5.76,5.653333333333333,5.839166666666666,-0.040000000000000036,-0.0071428571428571175,0.15962788166861208,0,1996,1,1
1996-02-01,5.22,5.56,5.6,5.8,5.46,5.780833333333334,-0.33999999999999986,-0.0611510791366906,0.23669920817667295,0,1996,2,1
1996-03-01,5.31,5.22,5.56,5.6,5.363333333333333,5.7250000000000005,0.08999999999999986,0.01724137931034475,0.2630070859742699,1,1996,3,1
1996-04-01,5.22,5.31,5.22,5.56,5.25,5.655833333333333,-0.08999999999999986,-0.016949152542372836,0.2784521611705627,0,1996,4,2
1996-05-01,5.24,5.22,5.31,5.22,5.256666666666667,5.591666666666666,0.020000000000000462,0.003831417624521105,0.2781377465583523,1,1996,5,2
1996-06-01,5.27,5.24,5.22,5.31,5.243333333333333,5.530833333333334,0.02999999999999936,0.005725190839694472,0.2599460899819864,1,1996,6,2
1996-07-01,5.4,5.27,5.24,5.22,5.303333333333334,5.493333333333333,0.13000000000000078,0.024667931688804767,0.24152294576972863,1,1996,7,3
1996-08-01,5.22,5.4,5.27,5.24,5.296666666666666,5.45,-0.1800000000000006,-0.03333333333333344,0.2398863367209755,0,1996,8,3
1996-09-01,5.3,5.22,5.4,5.27,5.3066666666666675,5.408333333333332,0.08000000000000007,0.015325670498084198,0.21577906770713765,1,1996,9,3
1996-10-01,5.24,5.3,5.22,5.4,5.253333333333333,5.364999999999999,-0.05999999999999961,-0.011320754716981019,0.18932895854942725,0,1996,10,4
1996-11-01,5.31,5.24,5.3,5.22,5.283333333333333,5.324166666666667,0.0699999999999994,0.013358778625954137,0.1307640716106659,1,1996,11,4
1996-12-01,5.29,5.31,5.24,5.3,5.28,5.298333333333333,-0.019999999999999574,-0.0037664783427494575,0.09777835169690405,0,1996,12,4
1997-01-01,5.25,5.29,5.31,5.24,5.283333333333332,5.2725,-0.040000000000000036,-0.007561436672967825,0.053107951809614896,0,1997,1,1
1997-02-01,5.19,5.25,5.29,5.31,5.243333333333333,5.2700000000000005,-0.05999999999999961,-0.011428571428571344,0.05640760748140315,0,1997,2,1
1997-03-01,5.39,5.19,5.25,5.29,5.276666666666667,5.276666666666666,0.1999999999999993,0.038535645472061564,0.06555127532647591,1,1997,3,1
1997-04-01,5.51,5.39,5.19,5.25,5.363333333333333,5.300833333333333,0.1200000000000001,0.02226345083487935,0.09119991360950719,1,1997,4,2
1997-05-01,5.5,5.51,5.39,5.19,5.466666666666666,5.322500000000001,-0.009999999999999787,-0.001814882032667886,0.1052378258990415,0,1997,5,2
1997-06-01,5.56,5.5,5.51,5.39,5.523333333333333,5.346666666666667,0.05999999999999961,0.010909090909090757,0.12375439998282099,1,1997,6,2
1997-07-01,5.52,5.56,5.5,5.51,5.526666666666666,5.3566666666666665,-0.040000000000000036,-0.007194244604316502,0.13296160302412202,0,1997,7,3
1997-08-01,5.54,5.52,5.56,5.5,5.54,5.383333333333333,0.020000000000000462,0.0036231884057971175,0.13513180995073634,1,1997,8,3
1997-09-01,5.54,5.54,5.52,5.56,5.533333333333334,5.403333333333333,0.0,0.0,0.13937088083311341,0,1997,9,3
1997-10-01,5.5,5.54,5.54,5.52,5.526666666666666,5.425000000000001,-0.040000000000000036,-0.0072202166064981865,0.1316676256196591,0,1997,10,4
1997-11-01,5.52,5.5,5.54,5.54,5.5200000000000005,5.4425,0.019999999999999574,0.0036363636363636598,0.1289203418604266,1,1997,11,4
1997-12-01,5.5,5.52,5.5,5.54,5.506666666666667,5.46,-0.019999999999999574,-0.0036231884057970065,0.12030264865197964,0,1997,12,4
1998-01-01,5.56,5.5,5.52,5.5,5.526666666666666,5.485833333333333,0.05999999999999961,0.010909090909090757,0.10317314073755274,1,1998,1,1
1998-02-01,5.51,5.56,5.5,5.52,5.523333333333333,5.512499999999999,-0.04999999999999982,-0.008992805755395628,0.04433857339678991,0,1998,2,1
1998-03-01,5.49,5.51,5.56,5.5,5.52,5.520833333333333,-0.019999999999999574,-0.003629764065335661,0.023915887960161024,0,1998,3,1
1998-04-01,5.45,5.49,5.51,5.56,5.483333333333334,5.515833333333333,-0.040000000000000036,-0.007285974499089298,0.031466673086058466,0,1998,4,2
1998-05-01,5.49,5.45,5.49,5.51,5.476666666666667,5.515,0.040000000000000036,0.007339449541284404,0.0320510955698257,1,1998,5,2
1998-06-01,5.56,5.49,5.45,5.49,5.5,5.515000000000001,0.0699999999999994,0.012750455373406133,0.0320510955698257,1,1998,6,2
1998-07-01,5.54,5.56,5.49,5.45,5.53,5.516666666666667,-0.019999999999999574,-0.003597122302158251,0.0328449064352637,0,1998,7,3
1998-08-01,5.55,5.54,5.56,5.49,5.55,5.517499999999999,0.009999999999999787,0.0018050541516245744,0.03360871099133063,1,1998,8,3
1998-09-01,5.51,5.55,5.54,5.56,5.533333333333334,5.515000000000001,-0.040000000000000036,-0.007207207207207245,0.03289100457224673,0,1998,9,3
1998-10-01,5.07,5.51,5.55,5.54,5.376666666666666,5.479166666666667,-0.4399999999999995,-0.07985480943738643,0.13290176367465076,0,1998,10,4
1998-11-01,4.83,5.07,5.51,5.55,5.136666666666667,5.421666666666667,-0.2400000000000002,-0.047337278106508895,0.22850634896016864,0,1998,11,4
1998-12-01,4.68,4.83,5.07,5.51,4.86,5.353333333333333,-0.15000000000000036,-0.03105590062111807,0.31075665233370775,0,1998,12,4
1999-01-01,4.63,4.68,4.83,5.07,4.713333333333334,5.275833333333334,-0.04999999999999982,-0.010683760683760646,0.3656490700442156,0,1999,1,1
1999-02-01,4.76,4.63,4.68,4.83,4.6899999999999995,5.213333333333333,0.1299999999999999,0.02807775377969768,0.3855417282764378,1,1999,2,1
1999-03-01,4.81,4.76,4.63,4.68,4.733333333333333,5.156666666666667,0.04999999999999982,0.010504201680672232,0.39111340678843554,1,1999,3,1
1999-04-01,4.74,4.81,4.76,4.63,4.77,5.0975,-0.0699999999999994,-0.014553014553014387,0.39637275844377073,0,1999,4,2
1999-05-01,4.74,4.74,4.81,4.76,4.763333333333333,5.034999999999999,0.0,0.0,0.38789642478836733,0,1999,5,2
1999-06-01,4.76,4.74,4.74,4.81,4.746666666666667,4.968333333333334,0.019999999999999574,0.00421940928270037,0.35697805721541986,1,1999,6,2
1999-07-01,4.99,4.76,4.74,4.74,4.829999999999999,4.9225,0.23000000000000043,0.04831932773109249,0.3089902911095477,1,1999,7,3
1999-08-01,5.07,4.99,4.76,4.74,4.94,4.882499999999999,0.08000000000000007,0.01603206412825653,0.24476797918912394,1,1999,8,3
1999-09-01,5.22,5.07,4.99,4.76,5.093333333333333,4.858333333333333,0.14999999999999947,0.029585798816567976,0.183938395484188,1,1999,9,3
1999-10-01,5.2,5.22,5.07,4.99,5.163333333333333,4.869166666666667,-0.019999999999999574,-0.003831417624520994,0.20061080970291956,0,1999,10,4
1999-11-01,5.42,5.2,5.22,5.07,5.28,4.918333333333334,0.21999999999999975,0.04230769230769216,0.25505198519415284,1,1999,11,4
1999-12-01,5.3,5.42,5.2,5.22,5.306666666666667,4.97,-0.1200000000000001,-0.022140221402214055,0.26498713519366207,0,1999,12,4
2000-01-01,5.45,5.3,5.42,5.2,5.39,5.038333333333333,0.15000000000000036,0.028301886792452935,0.27488289517641373,1,2000,1,1
2000-02-01,5.73,5.45,5.3,5.42,5.493333333333333,5.119166666666667,0.28000000000000025,0.05137614678899083,0.3238534554486341,1,2000,2,1
2000-03-01,5.85,5.73,5.45,5.3,5.676666666666667,5.2058333333333335,0.11999999999999922,0.02094240837696315,0.3695318496134617,1,2000,3,1
2000-04-01,6.02,5.85,5.73,5.45,5.866666666666667,5.3125,0.16999999999999993,0.029059829059828957,0.40580167569880277,1,2000,4,2
2000-05-01,6.27,6.02,5.85,5.73,6.046666666666667,5.44,0.25,0.04152823920265791,0.447762112165448,1,2000,5,2
2000-06-01,6.53,6.27,6.02,5.85,6.273333333333333,5.5874999999999995,0.2600000000000007,0.04146730462519943,0.4926759030584885,1,2000,6,2
2000-07-01,6.54,6.53,6.27,6.02,6.446666666666666,5.716666666666666,0.009999999999999787,0.0015313935681469104,0.523976636074038,1,2000,7,3
2000-08-01,6.5,6.54,6.53,6.27,6.523333333333333,5.835833333333333,-0.040000000000000036,-0.006116207951070374,0.5261430557856513,0,2000,8,3
2000-09-01,6.52,6.5,6.54,6.53,6.52,5.944166666666667,0.019999999999999574,0.003076923076922977,0.5216313280701117,1,2000,9,3
2000-10-01,6.51,6.52,6.5,6.54,6.510000000000001,6.053333333333334,-0.009999999999999787,-0.0015337423312883347,0.4877095509220118,0,2000,10,4
2000-11-01,6.51,6.51,6.52,6.5,6.513333333333333,6.144166666666666,0.0,0.0,0.45973230023431105,0,2000,11,4
2000-12-01,6.4,6.51,6.51,6.52,6.473333333333334,6.235833333333333,-0.10999999999999943,-0.016897081413210335,0.3786209025908755,0,2000,12,4
2001-01-01,5.98,6.4,6.51,6.51,6.296666666666667,6.28,-0.41999999999999993,-0.06562499999999993,0.3017223287002543,0,2001,1,1
2001-02-01,5.49,5.98,6.4,6.51,5.956666666666667,6.259999999999999,-0.4900000000000002,-0.08193979933110374,0.3461738921933667,0,2001,2,1
2001-03-01,5.31,5.49,5.98,6.4,5.593333333333334,6.215,-0.1800000000000006,-0.03278688524590179,0.4294076257949443,0,2001,3,1
2001-04-01,4.8,5.31,5.49,5.98,5.199999999999999,6.113333333333333,-0.5099999999999998,-0.096045197740113,0.5930251157233828,0,2001,4,2
2001-05-01,4.21,4.8,5.31,5.49,4.773333333333333,5.941666666666667,-0.5899999999999999,-0.12291666666666667,0.8041351461870572,0,2001,5,2
2001-06-01,3.97,4.21,4.8,5.31,4.326666666666667,5.728333333333334,-0.23999999999999977,-0.05700712589073631,0.9586053632356709,0,2001,6,2
2001-07-01,3.77,3.97,4.21,4.8,3.983333333333333,5.4975,-0.20000000000000018,-0.05037783375314864,1.0721696354927617,0,2001,7,3
2001-08-01,3.65,3.77,3.97,4.21,3.796666666666667,5.26,-0.1200000000000001,-0.03183023872679047,1.1432171510895963,0,2001,8,3
2001-09-01,3.07,3.65,3.77,3.97,3.496666666666666,4.972499999999999,-0.5800000000000001,-0.1589041095890411,1.2281925004582062,0,2001,9,3
2001-10-01,2.49,3.07,3.65,3.77,3.0700000000000003,4.6375,-0.5799999999999996,-0.18892508143322462,1.315820691017229,0,2001,10,4
2001-11-01,2.09,2.49,3.07,3.65,2.55,4.269166666666667,-0.40000000000000036,-0.1606425702811246,1.3618400542403302,0,2001,11,4
2001-12-01,1.82,2.09,2.49,3.07,2.1333333333333333,3.8874999999999997,-0.2699999999999998,-0.1291866028708133,1.3521237503881118,0,2001,12,4
2002-01-01,1.73,1.82,2.09,2.49,1.88,3.533333333333333,-0.09000000000000008,-0.0494505494505495,1.3101584451947526,0,2002,1,1
2002-02-01,1.74,1.73,1.82,2.09,1.7633333333333334,3.220833333333333,0.010000000000000009,0.005780346820809301,1.2467153814821672,1,2002,2,1
2002-03-01,1.73,1.74,1.73,1.82,1.7333333333333332,2.9225,-0.010000000000000009,-0.005747126436781658,1.1235991278031445,0,2002,3,1
2002-04-01,1.75,1.73,1.74,1.73,1.7400000000000002,2.6683333333333334,0.020000000000000018,0.011560693641618602,0.9982606084706702,1,2002,4,2
2002-05-01,1.75,1.75,1.73,1.74,1.7433333333333334,2.4633333333333334,0.0,0.0,0.9007101575305902,0,2002,5,2
2002-06-01,1.75,1.75,1.75,1.73,1.75,2.2783333333333333,0.0,0.0,0.7834751644649167,0,2002,6,2
2002-07-01,1.73,1.75,1.75,1.75,1.7433333333333334,2.1083333333333334,-0.020000000000000018,-0.011428571428571455,0.6382480756419113,0,2002,7,3
2002-08-01,1.74,1.73,1.75,1.75,1.74,1.9491666666666665,0.010000000000000009,0.005780346820809301,0.41951180140152233,1,2002,8,3
2002-09-01,1.75,1.74,1.73,1.75,1.74,1.8391666666666666,0.010000000000000009,0.005747126436781658,0.22845163933566254,1,2002,9,3
2002-10-01,1.75,1.75,1.74,1.73,1.7466666666666668,1.7774999999999999,0.0,0.0,0.10127595065867818,0,2002,10,4
2002-11-01,1.34,1.75,1.75,1.74,1.6133333333333333,1.7149999999999999,-0.4099999999999999,-0.2342857142857142,0.1204914180271086,0,2002,11,4
2002-12-01,1.24,1.34,1.75,1.75,1.4433333333333334,1.6666666666666667,-0.10000000000000009,-0.0746268656716419,0.17742262504762488,0,2002,12,4
2003-01-01,1.24,1.24,1.34,1.75,1.2733333333333332,1.6258333333333332,0.0,0.0,0.21411374773633682,0,2003,1,1
2003-02-01,1.26,1.24,1.24,1.34,1.2466666666666668,1.5858333333333334,0.020000000000000018,0.016129032258064502,0.23469354615341217,1,2003,2,1
2003-03-01,1.25,1.26,1.24,1.24,1.25,1.5458333333333334,-0.010000000000000009,-0.007936507936507908,0.24839332202023093,0,2003,3,1
2003-04-01,1.26,1.25,1.26,1.24,1.2566666666666666,1.5050000000000001,0.010000000000000009,0.008000000000000007,0.25202813695733667,1,2003,4,2
2003-05-01,1.26,1.26,1.25,1.26,1.2566666666666666,1.4641666666666666,0.0,0.0,0.24839332202023295,0,2003,5,2
2003-06-01,1.22,1.26,1.26,1.25,1.2466666666666666,1.42,-0.040000000000000036,-0.031746031746031744,0.2399242304637896,0,2003,6,2
2003-07-01,1.01,1.22,1.26,1.26,1.1633333333333333,1.36,-0.20999999999999996,-0.17213114754098358,0.24531982835030722,0,2003,7,3
2003-08-01,1.03,1.01,1.22,1.26,1.0866666666666667,1.3008333333333333,0.020000000000000018,0.01980198019801982,0.23051161805994252,1,2003,8,3
2003-09-01,1.01,1.03,1.01,1.22,1.0166666666666666,1.2391666666666665,-0.020000000000000018,-0.01941747572815533,0.1957948060103066,0,2003,9,3
2003-10-01,1.01,1.01,1.03,1.01,1.0166666666666668,1.1775,0.0,0.0,0.12344487175919722,0,2003,10,4
2003-11-01,1.0,1.01,1.01,1.03,1.0066666666666666,1.1491666666666667,-0.010000000000000009,-0.00990099009900991,0.12176417844146026,0,2003,11,4
2003-12-01,0.98,1.0,1.01,1.01,0.9966666666666666,1.1275,-0.020000000000000018,-0.020000000000000018,0.12714522834506206,0,2003,12,4
2004-01-01,1.0,0.98,1.0,1.01,0.9933333333333333,1.1075,0.020000000000000018,0.020408163265306145,0.12671550095322712,1,2004,1,1
2004-02-01,1.01,1.0,0.98,1.0,0.9966666666666667,1.0866666666666667,0.010000000000000009,0.010000000000000009,0.1197218999738256,1,2004,2,1
2004-03-01,1.0,1.01,1.0,0.98,1.0033333333333332,1.0658333333333332,-0.010000000000000009,-0.00990099009900991,0.11007917260968968,0,2004,3,1
2004-04-01,1.0,1.0,1.01,1.0,1.0033333333333332,1.0441666666666667,0.0,0.0,0.092584932343117,0,2004,4,2
2004-05-01,1.0,1.0,1.0,1.01,1.0,1.0225,0.0,0.0,0.0632635181386779,0,2004,5,2
2004-06-01,1.03,1.0,1.0,1.0,1.01,1.0066666666666666,0.030000000000000027,0.030000000000000027,0.013706888337221963,1,2004,6,2
2004-07-01,1.26,1.03,1.0,1.0,1.0966666666666667,1.0275,0.22999999999999998,0.2233009708737863,0.07448306702021144,1,2004,7,3
2004-08-01,1.43,1.26,1.03,1.0,1.24,1.0608333333333333,0.16999999999999993,0.13492063492063489,0.13806838446178918,1,2004,8,3
2004-09-01,1.61,1.43,1.26,1.03,1.4333333333333333,1.1108333333333333,0.18000000000000016,0.12587412587412605,0.20860830338803227,1,2004,9,3
2004-10-01,1.76,1.61,1.43,1.26,1.5999999999999999,1.1733333333333336,0.1499999999999999,0.09316770186335388,0.276843681962281,1,2004,10,4
2004-11-01,1.93,1.76,1.61,1.43,1.7666666666666668,1.2508333333333335,0.16999999999999993,0.09659090909090895,0.34555510896721053,1,2004,11,4
2004-12-01,2.16,1.93,1.76,1.61,1.95,1.3491666666666668,0.2300000000000002,0.11917098445595875,0.4211123437523677,1,2004,12,4
2005-01-01,2.28,2.16,1.93,1.76,2.1233333333333335,1.4558333333333333,0.11999999999999966,0.05555555555555536,0.4822948614005112,1,2005,1,1
2005-02-01,2.5,2.28,2.16,1.93,2.313333333333333,1.5799999999999998,0.2200000000000002,0.09649122807017552,0.5448269116300765,1,2005,2,1
2005-03-01,2.63,2.5,2.28,2.16,2.4699999999999998,1.7158333333333333,0.1299999999999999,0.052000000000000046,0.5885182986779509,1,2005,3,1
2005-04-01,2.79,2.63,2.5,2.28,2.64,1.865,0.16000000000000014,0.06083650190114076,0.6167583879372126,1,2005,4,2
2005-05-01,3.0,2.79,2.63,2.5,2.8066666666666666,2.0316666666666667,0.20999999999999996,0.07526881720430101,0.6318059732851425,1,2005,5,2
2005-06-01,3.04,3.0,2.79,2.63,2.9433333333333334,2.1991666666666667,0.040000000000000036,0.01333333333333342,0.608103734173001,1,2005,6,2
2005-07-01,3.26,3.04,3.0,2.79,3.1,2.3658333333333332,0.21999999999999975,0.07236842105263142,0.601338784158587,1,2005,7,3
2005-08-01,3.5,3.26,3.04,3.0,3.266666666666667,2.5383333333333336,0.2400000000000002,0.07361963190184051,0.6053674065967619,1,2005,8,3
2005-09-01,3.62,3.5,3.26,3.04,3.4599999999999995,2.705833333333333,0.1200000000000001,0.03428571428571425,0.6032255470436005,1,2005,9,3
2005-10-01,3.78,3.62,3.5,3.26,3.6333333333333333,2.874166666666666,0.1599999999999997,0.044198895027624197,0.59710602581166,1,2005,10,4
2005-11-01,4.0,3.78,3.62,3.5,3.8000000000000003,3.046666666666667,0.2200000000000002,0.058201058201058364,0.5985487499448919,1,2005,11,4
2005-12-01,4.16,4.0,3.78,3.62,3.9800000000000004,3.2133333333333334,0.16000000000000014,0.040000000000000036,0.6075933648170311,1,2005,12,4
2006-01-01,4.29,4.16,4.0,3.78,4.15,3.3808333333333334,0.1299999999999999,0.03125,0.6039484977038778,1,2006,1,1
2006-02-01,4.49,4.29,4.16,4.0,4.3133333333333335,3.546666666666667,0.20000000000000018,0.046620046620046596,0.6132378054723856,1,2006,2,1
2006-03-01,4.59,4.49,4.29,4.16,4.456666666666667,3.7099999999999995,0.09999999999999964,0.022271714922048824,0.6078875494096356,1,2006,3,1
2006-04-01,4.79,4.59,4.49,4.29,4.623333333333334,3.8766666666666665,0.20000000000000018,0.04357298474945548,0.6068897358788738,1,2006,4,2
2006-05-01,4.94,4.79,4.59,4.49,4.773333333333333,4.038333333333333,0.15000000000000036,0.03131524008350728,0.6105114596993396,1,2006,5,2
2006-06-01,4.99,4.94,4.79,4.59,4.906666666666667,4.200833333333334,0.04999999999999982,0.010121457489878471,0.5793485108030151,1,2006,6,2
2006-07-01,5.24,4.99,4.94,4.79,5.0566666666666675,4.365833333333334,0.25,0.05010020040080154,0.5688977913207869,1,2006,7,3
2006-08-01,5.25,5.24,4.99,4.94,5.16,4.511666666666667,0.009999999999999787,0.00190839694656475,0.5507818134802357,1,2006,8,3
2006-09-01,5.25,5.25,5.24,4.99,5.246666666666667,4.6475,0.0,0.0,0.5104031383488287,0,2006,9,3
2006-10-01,5.25,5.25,5.25,5.24,5.25,4.77,0.0,0.0,0.45686679976470324,0,2006,10,4
2006-11-01,5.25,5.25,5.25,5.25,5.25,4.8741666666666665,0.0,0.0,0.40488962207072415,0,2006,11,4
2006-12-01,5.24,5.25,5.25,5.25,5.246666666666667,4.964166666666666,-0.009999999999999787,-0.0019047619047618536,0.34770568362367815,0,2006,12,4
2007-01-01,5.25,5.24,5.25,5.25,5.246666666666667,5.0441666666666665,0.009999999999999787,0.00190839694656475,0.28288958119994695,1,2007,1,1
2007-02-01,5.26,5.25,5.24,5.25,5.250000000000001,5.108333333333333,0.009999999999999787,0.0019047619047618536,0.2277092777018117,1,2007,2,1
2007-03-01,5.26,5.26,5.25,5.24,5.256666666666667,5.1641666666666675,0.0,0.0,0.16160886189311932,0,2007,3,1
2007-04-01,5.25,5.26,5.26,5.25,5.256666666666667,5.202500000000001,-0.009999999999999787,-0.0019011406844106071,0.11161011684333506,0,2007,4,2
2007-05-01,5.25,5.25,5.26,5.26,5.253333333333334,5.2283333333333335,0.0,0.0,0.07529739019156957,0,2007,5,2
2007-06-01,5.25,5.25,5.25,5.26,5.25,5.25,0.0,0.0,0.0060302268885945405,0,2007,6,2
2007-07-01,5.26,5.25,5.25,5.25,5.253333333333333,5.251666666666667,0.009999999999999787,0.0019047619047618536,0.0057735026888023075,1,2007,7,3
2007-08-01,5.02,5.26,5.25,5.25,5.176666666666667,5.2325,-0.2400000000000002,-0.04562737642585557,0.06716668546480571,0,2007,8,3
2007-09-01,4.94,5.02,5.26,5.25,5.073333333333334,5.206666666666667,-0.07999999999999918,-0.015936254980079556,0.10739335795708284,0,2007,9,3
2007-10-01,4.76,4.94,5.02,5.26,4.906666666666666,5.1658333333333335,-0.1800000000000006,-0.036437246963562875,0.1663762621470562,0,2007,10,4
2007-11-01,4.49,4.76,4.94,5.02,4.73,5.1025,-0.2699999999999996,-0.05672268907563016,0.25334579315444955,0,2007,11,4
2007-12-01,4.24,4.49,4.76,4.94,4.496666666666667,5.019166666666667,-0.25,-0.055679287305122505,0.3500248908897646,0,2007,12,4
2008-01-01,3.94,4.24,4.49,4.76,4.223333333333334,4.91,-0.30000000000000027,-0.07075471698113212,0.45885232324291814,0,2008,1,1
2008-02-01,2.98,3.94,4.24,4.49,3.72,4.72,-0.96,-0.24365482233502533,0.7061547602717955,0,2008,2,1
2008-03-01,2.61,2.98,3.94,4.24,3.176666666666667,4.4991666666666665,-0.3700000000000001,-0.12416107382550334,0.9075687635689292,0,2008,3,1
2008-04-01,2.28,2.61,2.98,3.94,2.6233333333333335,4.251666666666666,-0.33000000000000007,-0.12643678160919547,1.0739208819117163,0,2008,4,2
2008-05-01,1.98,2.28,2.61,2.98,2.2900000000000005,3.9791666666666665,-0.2999999999999998,-0.13157894736842102,1.2045026007242563,0,2008,5,2
2008-06-01,2.0,1.98,2.28,2.61,2.0866666666666673,3.7083333333333335,0.020000000000000018,0.010101010101010166,1.257015464816509,1,2008,6,2
2008-07-01,2.01,2.0,1.98,2.28,1.9966666666666668,3.4375,0.009999999999999787,0.004999999999999893,1.2423374230567406,1,2008,7,3
2008-08-01,2.0,2.01,2.0,1.98,2.0033333333333334,3.1858333333333335,-0.009999999999999787,-0.004975124378109319,1.197705824659894,0,2008,8,3
2008-09-01,1.81,2.0,2.01,2.0,1.9400000000000002,2.9249999999999994,-0.18999999999999995,-0.09499999999999997,1.1192083240966673,0,2008,9,3
2008-10-01,0.97,1.81,2.0,2.01,1.5933333333333337,2.6091666666666664,-0.8400000000000001,-0.4640883977900553,1.0886476876743878,0,2008,10,4
2008-11-01,0.39,0.97,1.81,2.0,1.0566666666666669,2.2675,-0.58,-0.5979381443298969,1.0880769107174237,0,2008,11,4
2008-12-01,0.16,0.39,0.97,1.81,0.5066666666666669,1.9275,-0.23,-0.5897435897435898,1.0525564117898927,0,2008,12,4
2009-01-01,0.15,0.16,0.39,0.97,0.23333333333333361,1.6116666666666666,-0.010000000000000009,-0.0625,0.9581690241225175,0,2009,1,1
2009-02-01,0.22,0.15,0.16,0.39,0.17666666666666697,1.3816666666666666,0.07,0.4666666666666668,0.9307165698177698,1,2009,2,1
2009-03-01,0.18,0.22,0.15,0.16,0.1833333333333336,1.1791666666666667,-0.04000000000000001,-0.18181818181818188,0.9031103660867584,0,2009,3,1
2009-04-01,0.15,0.18,0.22,0.15,0.18333333333333365,1.0016666666666667,-0.03,-0.16666666666666663,0.8759912134608626,0,2009,4,2
2009-05-01,0.18,0.15,0.18,0.22,0.1700000000000003,0.8516666666666667,0.03,0.19999999999999996,0.8468640905592932,1,2009,5,2
2009-06-01,0.21,0.18,0.15,0.18,0.18000000000000027,0.7025,0.03,0.16666666666666674,0.7813173607324052,1,2009,6,2
2009-07-01,0.16,0.21,0.18,0.15,0.18333333333333365,0.5483333333333333,-0.04999999999999999,-0.23809523809523803,0.6751812326847754,0,2009,7,3
2009-08-01,0.16,0.16,0.21,0.18,0.17666666666666697,0.395,0.0,0.0,0.5023490275242739,0,2009,8,3
2009-09-01,0.15,0.16,0.16,0.21,0.15666666666666698,0.25666666666666665,-0.010000000000000009,-0.0625,0.23433982059221625,0,2009,9,3
2009-10-01,0.12,0.15,0.16,0.16,0.14333333333333362,0.18583333333333338,-0.03,-0.19999999999999996,0.06986458763996502,0,2009,10,4
2009-11-01,0.12,0.12,0.15,0.16,0.1300000000000003,0.16333333333333333,0.0,0.0,0.03055050463372815,0,2009,11,4
2009-12-01,0.12,0.12,0.12,0.15,0.12,0.16,0.0,0.0,0.03302891295442914,0,2009,12,4
2010-01-01,0.11,0.12,0.12,0.12,0.11666666666666696,0.15666666666666668,-0.009999999999999995,-0.08333333333333326,0.03601346549572697,0,2010,1,1
2010-02-01,0.13,0.11,0.12,0.12,0.12000000000000029,0.14916666666666667,0.020000000000000004,0.18181818181818188,0.03058767824873935,1,2010,2,1
2010-03-01,0.16,0.13,0.11,0.12,0.13333333333333364,0.1475,0.03,0.23076923076923084,0.029271456777218152,1,2010,3,1
2010-04-01,0.2,0.16,0.13,0.11,0.16333333333333364,0.15166666666666667,0.04000000000000001,0.25,0.03298300756330582,1,2010,4,2
2010-05-01,0.2,0.2,0.16,0.13,0.18666666666666698,0.15333333333333335,0.0,0.0,0.03498917581602485,0,2010,5,2
2010-06-01,0.18,0.2,0.2,0.16,0.1933333333333336,0.15083333333333335,-0.020000000000000018,-0.10000000000000009,0.031466673087471926,0,2010,6,2
2010-07-01,0.18,0.18,0.2,0.2,0.18666666666666698,0.1525,0.0,0.0,0.032508740084175355,0,2010,7,3
2010-08-01,0.19,0.18,0.18,0.2,0.1833333333333336,0.155,0.010000000000000009,0.05555555555555558,0.034245105822139306,1,2010,8,3
2010-09-01,0.19,0.19,0.18,0.18,0.18666666666666698,0.15833333333333333,0.0,0.0,0.035632807491680504,0,2010,9,3
2010-10-01,0.19,0.19,0.19,0.18,0.19,0.16416666666666666,0.0,0.0,0.0344985726544391,0,2010,10,4
2010-11-01,0.19,0.19,0.19,0.19,0.19,0.17,0.0,0.0,0.032192602199971956,0,2010,11,4
2010-12-01,0.18,0.19,0.19,0.19,0.18666666666666695,0.17500000000000002,-0.010000000000000009,-0.052631578947368474,0.028123105997578085,0,2010,12,4
2011-01-01,0.17,0.18,0.19,0.19,0.1800000000000003,0.18000000000000002,-0.009999999999999981,-0.05555555555555547,0.01954016841943852,0,2011,1,1
2011-02-01,0.16,0.17,0.18,0.19,0.1700000000000003,0.1825,-0.010000000000000009,-0.05882352941176472,0.013568010507539753,0,2011,2,1
2011-03-01,0.14,0.16,0.17,0.18,0.15666666666666698,0.18083333333333332,-0.01999999999999999,-0.12499999999999989,0.01729862492466529,0,2011,3,1
2011-04-01,0.1,0.14,0.16,0.17,0.13333333333333364,0.1725,-0.04000000000000001,-0.2857142857142857,0.028001623330315528,0,2011,4,2
2011-05-01,0.09,0.1,0.14,0.16,0.1100000000000003,0.16333333333333333,-0.010000000000000009,-0.10000000000000009,0.03524803884567697,0,2011,5,2
2011-06-01,0.09,0.09,0.1,0.14,0.09333333333333364,0.15583333333333335,0.0,0.0,0.04055486370016796,0,2011,6,2
2011-07-01,0.07,0.09,0.09,0.1,0.08333333333333363,0.1466666666666667,-0.01999999999999999,-0.2222222222222221,0.04658000611570751,0,2011,7,3
2011-08-01,0.1,0.07,0.09,0.09,0.08666666666666696,0.13916666666666666,0.03,0.4285714285714286,0.04621261798089956,1,2011,8,3
2011-09-01,0.08,0.1,0.07,0.09,0.08333333333333363,0.13,-0.020000000000000004,-0.20000000000000007,0.04612236688761079,0,2011,9,3
2011-10-01,0.07,0.08,0.1,0.07,0.08333333333333363,0.12000000000000001,-0.009999999999999995,-0.12499999999999989,0.04492417854813407,0,2011,10,4
2011-11-01,0.08,0.07,0.08,0.1,0.07666666666666697,0.11083333333333334,0.009999999999999995,0.1428571428571428,0.04033007750498517,1,2011,11,4
2011-12-01,0.07,0.08,0.07,0.08,0.07333333333333364,0.10166666666666667,-0.009999999999999995,-0.12499999999999989,0.03537676004891148,0,2011,12,4
2012-01-01,0.08,0.07,0.08,0.07,0.07666666666666698,0.09416666666666668,0.009999999999999995,0.1428571428571428,0.028431203516146888,1,2012,1,1
2012-02-01,0.1,0.08,0.07,0.08,0.08333333333333363,0.08916666666666667,0.020000000000000004,0.25,0.019752253420681553,1,2012,2,1
2012-03-01,0.13,0.1,0.08,0.07,0.10333333333333362,0.08833333333333333,0.03,0.30000000000000004,0.0174945879089486,1,2012,3,1
2012-04-01,0.14,0.13,0.1,0.08,0.12333333333333363,0.09166666666666667,0.010000000000000009,0.0769230769230771,0.022896340849264424,1,2012,4,2
2012-05-01,0.16,0.14,0.13,0.1,0.14333333333333365,0.09749999999999999,0.01999999999999999,0.1428571428571428,0.03018879985038842,1,2012,5,2
2012-06-01,0.16,0.16,0.14,0.13,0.15333333333333363,0.10333333333333335,0.0,0.0,0.034989175816036375,0,2012,6,2
2012-07-01,0.16,0.16,0.16,0.14,0.16,0.11083333333333334,0.0,0.0,0.036793856536531167,0,2012,7,3
2012-08-01,0.13,0.16,0.16,0.16,0.15000000000000027,0.11333333333333333,-0.03,-0.1875,0.03700941731154231,0,2012,8,3
2012-09-01,0.14,0.13,0.16,0.16,0.14333333333333365,0.11833333333333335,0.010000000000000009,0.0769230769230771,0.03613946051206968,1,2012,9,3
2012-10-01,0.16,0.14,0.13,0.16,0.14333333333333362,0.12583333333333332,0.01999999999999999,0.1428571428571428,0.03449857265444805,1,2012,10,4
2012-11-01,0.16,0.16,0.14,0.13,0.15333333333333365,0.1325,0.0,0.0,0.032508740084180275,0,2012,11,4
2012-12-01,0.16,0.16,0.16,0.14,0.16,0.13999999999999999,0.0,0.0,0.02662876093875557,0,2012,12,4
2013-01-01,0.14,0.16,0.16,0.16,0.15333333333333363,0.14500000000000002,-0.01999999999999999,-0.12499999999999989,0.018829377434951448,0,2013,1,1
2013-02-01,0.15,0.14,0.16,0.16,0.15000000000000033,0.14916666666666667,0.009999999999999981,0.0714285714285714,0.01240112409542842,1,2013,2,1
2013-03-01,0.14,0.15,0.14,0.16,0.14333333333333365,0.15,-0.009999999999999981,-0.06666666666666654,0.011281521498231091,0,2013,3,1
2013-04-01,0.15,0.14,0.15,0.14,0.14666666666666697,0.15083333333333335,0.009999999999999981,0.0714285714285714,0.01083624669646054,1,2013,4,2
2013-05-01,0.11,0.15,0.14,0.15,0.13333333333333364,0.14666666666666667,-0.039999999999999994,-0.2666666666666666,0.015569978884591313,0,2013,5,2
2013-06-01,0.09,0.11,0.15,0.14,0.11666666666666697,0.14083333333333334,-0.020000000000000004,-0.18181818181818188,0.02193309385615895,0,2013,6,2
2013-07-01,0.09,0.09,0.11,0.15,0.09666666666666696,0.135,0.0,0.0,0.02540579747807794,0,2013,7,3
2013-08-01,0.08,0.09,0.09,0.11,0.08666666666666696,0.13083333333333333,-0.009999999999999995,-0.11111111111111105,0.02998737107992392,0,2013,8,3
2013-09-01,0.08,0.08,0.09,0.09,0.08333333333333363,0.12583333333333332,0.0,0.0,0.03315482505285072,0,2013,9,3
2013-10-01,0.09,0.08,0.08,0.09,0.08333333333333363,0.12000000000000001,0.009999999999999995,0.125,0.032752515518202276,1,2013,10,4
2013-11-01,0.08,0.09,0.08,0.08,0.08333333333333363,0.11333333333333333,-0.009999999999999995,-0.11111111111111105,0.03200378765529699,0,2013,11,4
2013-12-01,0.09,0.08,0.09,0.08,0.08666666666666696,0.1075,0.009999999999999995,0.125,0.028959218975645278,1,2013,12,4
2014-01-01,0.07,0.09,0.08,0.09,0.08000000000000031,0.10166666666666667,-0.01999999999999999,-0.2222222222222221,0.028867513460227874,0,2014,1,1
2014-02-01,0.07,0.07,0.09,0.08,0.07666666666666697,0.09499999999999999,0.0,0.0,0.025761140574120073,0,2014,2,1
2014-03-01,0.08,0.07,0.07,0.09,0.07333333333333364,0.09000000000000001,0.009999999999999995,0.1428571428571428,0.021742292261179942,1,2014,3,1
2014-04-01,0.09,0.08,0.07,0.07,0.0800000000000003,0.085,0.009999999999999995,0.125,0.010871146132087063,1,2014,4,2
2014-05-01,0.09,0.09,0.08,0.07,0.08666666666666696,0.08333333333333333,0.0,0.0,0.007784989444402662,0,2014,5,2
2014-06-01,0.1,0.09,0.09,0.08,0.09333333333333362,0.08416666666666667,0.010000000000000009,0.11111111111111116,0.009003366376194678,1,2014,6,2
2014-07-01,0.09,0.1,0.09,0.09,0.09333333333333364,0.08416666666666667,-0.010000000000000009,-0.10000000000000009,0.009003366376194678,0,2014,7,3
2014-08-01,0.09,0.09,0.1,0.09,0.09333333333333362,0.085,0.0,0.0,0.00904534033973046,0,2014,8,3
2014-09-01,0.09,0.09,0.09,0.1,0.09,0.08583333333333333,0.0,0.0,0.009003366376193183,0,2014,9,3
2014-10-01,0.09,0.09,0.09,0.09,0.09,0.08583333333333333,0.0,0.0,0.009003366376193183,0,2014,10,4
2014-11-01,0.09,0.09,0.09,0.09,0.09,0.08666666666666667,0.0,0.0,0.008876253648427654,0,2014,11,4
2014-12-01,0.12,0.09,0.09,0.09,0.1000000000000003,0.08916666666666667,0.03,0.33333333333333326,0.013113721707166242,1,2014,12,4
2015-01-01,0.11,0.12,0.09,0.09,0.10666666666666696,0.09249999999999999,-0.009999999999999995,-0.08333333333333326,0.012880570288319662,0,2015,1,1
2015-02-01,0.11,0.11,0.12,0.09,0.11333333333333362,0.09583333333333334,0.0,0.0,0.011645001530667965,0,2015,2,1
2015-03-01,0.11,0.11,0.11,0.12,0.11,0.09833333333333333,0.0,0.0,0.01114640858239023,0,2015,3,1
2015-04-01,0.12,0.11,0.11,0.11,0.11333333333333362,0.10083333333333333,0.009999999999999995,0.09090909090909083,0.012401124095459926,1,2015,4,2
2015-05-01,0.12,0.12,0.11,0.11,0.11666666666666696,0.10333333333333333,0.0,0.0,0.013026778947232016,0,2015,5,2
2015-06-01,0.13,0.12,0.12,0.11,0.12333333333333363,0.10583333333333333,0.010000000000000009,0.08333333333333348,0.015050420311678634,1,2015,6,2
2015-07-01,0.13,0.13,0.12,0.12,0.12666666666666695,0.10916666666666665,0.0,0.0,0.015642792900884203,0,2015,7,3
2015-08-01,0.14,0.13,0.13,0.12,0.13333333333333364,0.11333333333333334,0.010000000000000009,0.0769230769230771,0.016696942200019587,1,2015,8,3
2015-09-01,0.14,0.14,0.13,0.13,0.13666666666666696,0.1175,0.0,0.0,0.01658312395306894,0,2015,9,3
2015-10-01,0.12,0.14,0.14,0.13,0.13333333333333364,0.12000000000000001,-0.020000000000000018,-0.14285714285714302,0.014142135625244454,0,2015,10,4
2015-11-01,0.12,0.12,0.14,0.14,0.12666666666666695,0.1225,0.0,0.0,0.010552897062248087,0,2015,11,4
2015-12-01,0.24,0.12,0.12,0.14,0.16000000000000028,0.13249999999999998,0.12,1.0,0.03545163158249262,1,2015,12,4
2016-01-01,0.34,0.24,0.12,0.12,0.23333333333333361,0.15166666666666667,0.10000000000000003,0.41666666666666674,0.0687331246509623,1,2016,1,1
2016-02-01,0.38,0.34,0.24,0.12,0.3200000000000003,0.17416666666666666,0.03999999999999998,0.11764705882352944,0.09356167954258739,1,2016,2,1
2016-03-01,0.36,0.38,0.34,0.24,0.3600000000000003,0.19499999999999998,-0.020000000000000018,-0.052631578947368474,0.10509735746200352,0,2016,3,1
2016-04-01,0.37,0.36,0.38,0.34,0.3700000000000003,0.21583333333333332,0.010000000000000009,0.0277777777777779,0.11333444741003608,1,2016,4,2
2016-05-01,0.37,0.37,0.36,0.38,0.366666666666667,0.23666666666666666,0.0,0.0,0.11703405357848042,0,2016,5,2
2016-06-01,0.38,0.37,0.37,0.36,0.3733333333333336,0.2575,0.010000000000000009,0.027027027027026973,0.11856145318719225,1,2016,6,2
2016-07-01,0.39,0.38,0.37,0.37,0.38000000000000034,0.2791666666666667,0.010000000000000009,0.026315789473684292,0.1168883175852875,1,2016,7,3
2016-08-01,0.4,0.39,0.38,0.37,0.3900000000000003,0.30083333333333334,0.010000000000000009,0.025641025641025772,0.1127715577726234,1,2016,8,3
2016-09-01,0.4,0.4,0.39,0.38,0.396666666666667,0.3225,0.0,0.0,0.10367124612334329,0,2016,9,3
2016-10-01,0.4,0.4,0.4,0.39,0.4,0.3458333333333334,0.0,0.0,0.08349832152210526,0,2016,10,4
2016-11-01,0.41,0.4,0.4,0.4,0.4033333333333336,0.37000000000000005,0.009999999999999953,0.02499999999999991,0.04552721463878557,1,2016,11,4
2016-12-01,0.54,0.41,0.4,0.4,0.45000000000000034,0.395,0.13000000000000006,0.3170731707317074,0.049817850032458796,1,2016,12,4
2017-01-01,0.65,0.54,0.41,0.4,0.5333333333333337,0.42083333333333334,0.10999999999999999,0.20370370370370372,0.0859659904566304,1,2017,1,1
2017-02-01,0.66,0.65,0.54,0.41,0.616666666666667,0.44416666666666665,0.010000000000000009,0.01538461538461533,0.10883334493497178,1,2017,2,1
2017-03-01,0.79,0.66,0.65,0.54,0.7000000000000003,0.48,0.13,0.19696969696969702,0.14378013518133953,1,2017,3,1
2017-04-01,0.9,0.79,0.66,0.65,0.7833333333333337,0.5241666666666667,0.10999999999999999,0.139240506329114,0.18297830638110324,1,2017,4,2
2017-05-01,0.91,0.9,0.79,0.66,0.866666666666667,0.5691666666666667,0.010000000000000009,0.011111111111111072,0.2065059247811852,1,2017,5,2
2017-06-01,1.04,0.91,0.9,0.79,0.9500000000000003,0.6241666666666666,0.13,0.1428571428571428,0.23715964447968718,1,2017,6,2
2017-07-01,1.15,1.04,0.91,0.9,1.0333333333333337,0.6875,0.10999999999999988,0.10576923076923062,0.26836626938847613,1,2017,7,3
2017-08-01,1.16,1.15,1.04,0.91,1.116666666666667,0.7508333333333334,0.010000000000000009,0.008695652173912993,0.2835956895856277,1,2017,8,3
2017-09-01,1.15,1.16,1.15,1.04,1.1533333333333335,0.8133333333333334,-0.010000000000000009,-0.008620689655172376,0.28188757698883715,0,2017,9,3
2017-10-01,1.15,1.15,1.16,1.15,1.1533333333333335,0.8758333333333335,0.0,0.0,0.26452215350892677,0,2017,10,4
2017-11-01,1.16,1.15,1.15,1.16,1.1533333333333335,0.9383333333333334,0.010000000000000009,0.008695652173912993,0.2309204244415637,1,2017,11,4
2017-12-01,1.3,1.16,1.15,1.15,1.2033333333333334,1.0016666666666667,0.14000000000000012,0.12068965517241392,0.21544175898646017,1,2017,12,4
2018-01-01,1.41,1.3,1.16,1.15,1.2900000000000003,1.065,0.10999999999999988,0.08461538461538454,0.2143701132494287,1,2018,1,1
2018-02-01,1.42,1.41,1.3,1.16,1.376666666666667,1.1283333333333332,0.010000000000000009,0.007092198581560183,0.19525430193537047,1,2018,2,1
2018-03-01,1.51,1.42,1.41,1.3,1.446666666666667,1.1883333333333332,0.09000000000000008,0.06338028169014098,0.1924404669848801,1,2018,3,1
2018-04-01,1.69,1.51,1.42,1.41,1.5400000000000003,1.2541666666666667,0.17999999999999994,0.11920529801324498,0.21823499983169395,1,2018,4,2
2018-05-01,1.7,1.69,1.51,1.42,1.6333333333333335,1.32,0.010000000000000009,0.00591715976331364,0.22405356502413262,1,2018,5,2
2018-06-01,1.82,1.7,1.69,1.51,1.736666666666667,1.385,0.1200000000000001,0.07058823529411762,0.24736796294373142,1,2018,6,2
2018-07-01,1.91,1.82,1.7,1.69,1.8100000000000003,1.4483333333333333,0.08999999999999986,0.049450549450549275,0.2772210582757672,1,2018,7,3
2018-08-01,1.91,1.91,1.82,1.7,1.8800000000000001,1.5108333333333333,0.0,0.0,0.2905311228308483,0,2018,8,3
2018-09-01,1.95,1.91,1.91,1.82,1.9233333333333336,1.5775,0.040000000000000036,0.020942408376963373,0.29198770210719016,1,2018,9,3
2018-10-01,2.19,1.95,1.91,1.91,2.016666666666667,1.6641666666666666,0.24,0.12307692307692308,0.3074959965248418,1,2018,10,4
2018-11-01,2.2,2.19,1.95,1.91,2.1133333333333337,1.7508333333333332,0.010000000000000231,0.004566210045662267,0.2989210395385445,1,2018,11,4
2018-12-01,2.27,2.2,2.19,1.95,2.22,1.8316666666666668,0.06999999999999984,0.031818181818181746,0.2970715657068681,1,2018,12,4
2019-01-01,2.4,2.27,2.2,2.19,2.2900000000000005,1.9141666666666668,0.1299999999999999,0.05726872246696035,0.3066374327304621,1,2019,1,1
2019-02-01,2.4,2.4,2.27,2.2,2.356666666666667,1.9958333333333333,0.0,0.0,0.29327177384355546,0,2019,2,1
2019-03-01,2.41,2.4,2.4,2.27,2.4033333333333338,2.0708333333333333,0.010000000000000231,0.004166666666666874,0.27204472671482594,1,2019,3,1
2019-04-01,2.42,2.41,2.4,2.4,2.41,2.131666666666667,0.009999999999999787,0.004149377593360981,0.2605181317484581,1,2019,4,2
2019-05-01,2.39,2.42,2.41,2.4,2.4066666666666667,2.189166666666667,-0.029999999999999805,-0.012396694214875992,0.23106308990221827,0,2019,5,2
2019-06-01,2.38,2.39,2.42,2.41,2.396666666666667,2.2358333333333333,-0.010000000000000231,-0.004184100418410108,0.20478184992966153,0,2019,6,2
2019-07-01,2.4,2.38,2.39,2.42,2.3900000000000006,2.276666666666667,0.020000000000000018,0.008403361344537785,0.18142533316810866,1,2019,7,3
2019-08-01,2.13,2.4,2.38,2.39,2.3033333333333332,2.295,-0.27,-0.11250000000000004,0.14927095558689785,0,2019,8,3
2019-09-01,2.04,2.13,2.4,2.38,2.19,2.3025,-0.08999999999999986,-0.04225352112676051,0.1315726553519802,0,2019,9,3
2019-10-01,1.83,2.04,2.13,2.4,2.0,2.2725,-0.20999999999999996,-0.1029411764705882,0.18834808201839429,0,2019,10,4
2019-11-01,1.55,1.83,2.04,2.13,1.8066666666666669,2.2183333333333333,-0.28,-0.15300546448087438,0.28151645627125205,0,2019,11,4
2019-12-01,1.55,1.55,1.83,2.04,1.6433333333333338,2.1583333333333337,0.0,0.0,0.3401292089601955,0,2019,12,4
2020-01-01,1.55,1.55,1.55,1.83,1.55,2.0875,0.0,0.0,0.37221999848575826,0,2020,1,1
2020-02-01,1.58,1.55,1.55,1.55,1.5600000000000005,2.0191666666666666,0.030000000000000027,0.019354838709677358,0.38469488106181393,1,2020,2,1
2020-03-01,0.65,1.58,1.55,1.55,1.2600000000000005,1.8724999999999998,-0.93,-0.5886075949367089,0.5301479210388662,0,2020,3,1
2020-04-01,0.05,0.65,1.58,1.55,0.7600000000000003,1.6749999999999998,-0.6,-0.9230769230769231,0.7163861325494149,0,2020,4,2
2020-05-01,0.05,0.05,0.65,1.58,0.2500000000000003,1.4800000000000002,0.0,0.0,0.815664815294316,0,2020,5,2
2020-06-01,0.08,0.05,0.05,0.65,0.060000000000000296,1.2883333333333333,0.03,0.5999999999999999,0.8542709101209116,1,2020,6,2
2020-07-01,0.09,0.08,0.05,0.05,0.07333333333333364,1.0958333333333334,0.009999999999999995,0.125,0.8411621650305092,1,2020,7,3
2020-08-01,0.1,0.09,0.08,0.05,0.0900000000000003,0.9266666666666666,0.010000000000000009,0.11111111111111116,0.8180834957757273,1,2020,8,3
2020-09-01,0.09,0.1,0.09,0.08,0.09333333333333362,0.7641666666666667,-0.010000000000000009,-0.10000000000000009,0.769030775283645,0,2020,9,3
2020-10-01,0.09,0.09,0.1,0.09,0.09333333333333364,0.6191666666666668,0.0,0.0,0.71170037532831,0,2020,10,4
2020-11-01,0.09,0.09,0.09,0.1,0.09,0.4975,0.0,0.0,0.6611027289172637,0,2020,11,4
2020-12-01,0.09,0.09,0.09,0.09,0.09,0.3758333333333333,0.0,0.0,0.5790502935188612,0,2020,12,4
2021-01-01,0.09,0.09,0.09,0.09,0.09,0.2541666666666667,0.0,0.0,0.44860305055776833,0,2021,1,1
2021-02-01,0.08,0.09,0.09,0.09,0.08666666666666696,0.12916666666666668,-0.009999999999999995,-0.11111111111111105,0.16478406439588886,0,2021,2,1
2021-03-01,0.07,0.08,0.09,0.09,0.0800000000000003,0.08083333333333333,-0.009999999999999995,-0.12499999999999989,0.016213537181013364,0,2021,3,1
2021-04-01,0.07,0.07,0.08,0.09,0.07333333333333364,0.0825,0.0,0.0,0.013568010507520925,0,2021,4,2
2021-05-01,0.06,0.07,0.07,0.08,0.06666666666666697,0.08333333333333333,-0.010000000000000009,-0.14285714285714302,0.01154700538557983,0,2021,5,2
2021-06-01,0.08,0.06,0.07,0.07,0.0700000000000003,0.08333333333333333,0.020000000000000004,0.3333333333333335,0.01154700538557983,1,2021,6,2
2021-07-01,0.1,0.08,0.06,0.07,0.0800000000000003,0.08416666666666667,0.020000000000000004,0.25,0.012401124095385149,1,2021,7,3
2021-08-01,0.09,0.1,0.08,0.06,0.0900000000000003,0.08333333333333333,-0.010000000000000009,-0.10000000000000009,0.01154700538557983,0,2021,8,3
2021-09-01,0.08,0.09,0.1,0.08,0.0900000000000003,0.0825,-0.009999999999999995,-0.11111111111111105,0.011381803661403744,0,2021,9,3
2021-10-01,0.08,0.08,0.09,0.1,0.08333333333333363,0.08166666666666667,0.0,0.0,0.011146408582306961,0,2021,10,4
2021-11-01,0.08,0.08,0.08,0.09,0.08,0.08083333333333333,0.0,0.0,0.010836246696414647,0,2021,11,4
2021-12-01,0.08,0.08,0.08,0.08,0.08,0.08,0.0,0.0,0.010444659359320293,0,2021,12,4
2022-01-01,0.08,0.08,0.08,0.08,0.08,0.07916666666666668,0.0,0.0,0.009962049201031135,0,2022,1,1
2022-02-01,0.08,0.08,0.08,0.08,0.08,0.07916666666666666,0.0,0.0,0.009962049201031135,0,2022,2,1
2022-03-01,0.2,0.08,0.08,0.08,0.12000000000000029,0.09000000000000001,0.12000000000000001,1.5,0.03592922335579026,1,2022,3,1
2022-04-01,0.33,0.2,0.08,0.08,0.20333333333333367,0.11166666666666668,0.13,0.6499999999999999,0.07732262203798264,1,2022,4,2
2022-05-01,0.77,0.33,0.2,0.08,0.4333333333333336,0.1708333333333333,0.44,1.3333333333333335,0.20326687935437038,1,2022,5,2
2022-06-01,1.21,0.77,0.33,0.2,0.7700000000000004,0.265,0.43999999999999995,0.5714285714285714,0.3592542781424806,1,2022,6,2
2022-07-01,1.68,1.21,0.77,0.33,1.2200000000000004,0.39666666666666667,0.47,0.38842975206611574,0.5382350506024353,1,2022,7,3
2022-08-01,2.33,1.68,1.21,0.77,1.7400000000000002,0.5833333333333334,0.6500000000000001,0.3869047619047621,0.7635007094517771,1,2022,8,3
2022-09-01,2.56,2.33,1.68,1.21,2.1900000000000004,0.79,0.22999999999999998,0.09871244635193133,0.9319383514530997,1,2022,9,3
2022-10-01,3.08,2.56,2.33,1.68,2.656666666666667,1.04,0.52,0.203125,1.1096109064155733,1,2022,10,4
2022-11-01,3.78,3.08,2.56,2.33,3.1400000000000006,1.3483333333333334,0.6999999999999997,0.22727272727272707,1.3138689109464219,1,2022,11,4
2022-12-01,4.1,3.78,3.08,2.56,3.6533333333333338,1.6833333333333336,0.31999999999999984,0.08465608465608465,1.4648942458468353,1,2022,12,4
2023-01-01,4.33,4.1,3.78,3.08,4.07,2.0375,0.23000000000000043,0.056097560975609806,1.5531207586369782,1,2023,1,1
2023-02-01,4.57,4.33,4.1,3.78,4.333333333333334,2.4116666666666666,0.2400000000000002,0.05542725173210172,1.5792911720327611,1,2023,2,1
2023-03-01,4.65,4.57,4.33,4.1,4.5166666666666675,2.7825,0.08000000000000007,0.017505470459518557,1.534577969819242,1,2023,3,1
2023-04-01,4.83,4.65,4.57,4.33,4.6833333333333345,3.1575,0.17999999999999972,0.038709677419354716,1.4268281733844592,1,2023,4,2
2023-05-01,5.06,4.83,4.65,4.57,4.846666666666668,3.515,0.22999999999999954,0.04761904761904745,1.30662298937514,1,2023,5,2
2023-06-01,5.08,5.06,4.83,4.65,4.990000000000001,3.8375,0.020000000000000462,0.0039525691699606735,1.1547540076491636,1,2023,6,2
2023-07-01,5.12,5.08,5.06,4.83,5.086666666666667,4.1241666666666665,0.040000000000000036,0.007874015748031482,0.9849730806966007,1,2023,7,3
2023-08-01,5.33,5.12,5.08,5.06,5.176666666666668,4.3741666666666665,0.20999999999999996,0.041015625,0.8611246170332059,1,2023,8,3
2023-09-01,5.33,5.33,5.12,5.08,5.260000000000001,4.605,0.0,0.0,0.6835668484966284,0,2023,9,3
2023-10-01,5.33,5.33,5.33,5.12,5.33,4.7924999999999995,0.0,0.0,0.5150485414016561,0,2023,10,4
2023-11-01,5.33,5.33,5.33,5.33,5.33,4.921666666666667,0.0,0.0,0.4244318841020262,0,2023,11,4
2023-12-01,5.33,5.33,5.33,5.33,5.33,5.024166666666667,0.0,0.0,0.3499469656788709,0,2023,12,4
2024-01-01,5.33,5.33,5.33,5.33,5.33,5.107500000000001,0.0,0.0,0.2821065240455453,0,2024,1,1
2024-02-01,5.33,5.33,5.33,5.33,5.33,5.170833333333333,0.0,0.0,0.23118109128919923,0,2024,2,1
2024-03-01,5.33,5.33,5.33,5.33,5.33,5.2275,0.0,0.0,0.16608458961944145,0,2024,3,1
2024-04-01,5.33,5.33,5.33,5.33,5.33,5.269166666666667,0.0,0.0,0.11081994678769429,0,2024,4,2
2024-05-01,5.33,5.33,5.33,5.33,5.33,5.291666666666667,0.0,0.0,0.08993263472091342,0,2024,5,2
2024-06-01,5.33,5.33,5.33,5.33,5.33,5.3125,0.0,0.0,0.060621778264631665,0,2024,6,2
2024-07-01,5.33,5.33,5.33,5.33,5.33,5.33,0.0,0.0,0.0,0,2024,7,3
2024-08-01,5.33,5.33,5.33,5.33,5.33,5.33,0.0,0.0,0.0,0,2024,8,3
2024-09-01,5.13,5.33,5.33,5.33,5.2633333333333345,5.3133333333333335,-0.20000000000000018,-0.03752345215759856,0.05773502691896264,0,2024,9,3
2024-10-01,4.83,5.13,5.33,5.33,5.096666666666668,5.2716666666666665,-0.2999999999999998,-0.05847953216374269,0.15050420310248858,0,2024,10,4
2024-11-01,4.64,4.83,5.13,5.33,4.866666666666667,5.214166666666666,-0.1900000000000004,-0.03933747412008293,0.2345385540446035,0,2024,11,4
2024-12-01,4.48,4.64,4.83,5.13,4.650000000000001,5.1433333333333335,-0.15999999999999925,-0.0344827586206895,0.31195376502801114,0,2024,12,4
2025-01-01,4.33,4.48,4.64,4.83,4.483333333333333,5.06,-0.15000000000000036,-0.033482142857142905,0.3830262274428359,0,2025,1,1
2025-02-01,4.33,4.33,4.48,4.64,4.380000000000001,4.976666666666667,0.0,0.0,0.42538396202903017,0,2025,2,1
2025-03-01,4.33,4.33,4.33,4.48,4.33,4.8933333333333335,0.0,0.0,0.44726102472988255,0,2025,3,1
2025-04-01,4.33,4.33,4.33,4.33,4.33,4.8100000000000005,0.0,0.0,0.451643463565918,0,2025,4,2
2025-05-01,4.33,4.33,4.33,4.33,4.33,4.726666666666667,0.0,0.0,0.43905546001581347,0,2025,5,2
2025-06-01,4.33,4.33,4.33,4.33,4.33,4.6433333333333335,0.0,0.0,0.4079289896612661,0,2025,6,2
2025-07-01,4.33,4.33,4.33,4.33,4.33,4.56,0.0,0.0,0.35339907907479046,0,2025,7,3
2025-08-01,4.33,4.33,4.33,4.33,4.33,4.4766666666666675,0.0,0.0,0.2611977075401761,0,2025,8,3
2025-09-01,4.22,4.33,4.33,4.33,4.293333333333334,4.400833333333334,-0.11000000000000032,-0.025404157043879994,0.17069155239966327,0,2025,9,3
2025-10-01,4.09,4.22,4.33,4.33,4.213333333333334,4.339166666666666,-0.1299999999999999,-0.0308056872037914,0.13048568945105068,0,2025,10,4
2025-11-01,3.88,4.09,4.22,4.33,4.0633333333333335,4.275833333333334,-0.20999999999999996,-0.05134474327628358,0.1535908575246339,0,2025,11,4
2025-12-01,3.72,3.88,4.09,4.22,3.896666666666667,4.2124999999999995,-0.1599999999999997,-0.04123711340206182,0.20859377660027253,0,2025,12,4
2026-01-01,3.64,3.72,3.88,4.09,3.7466666666666675,4.155,-0.08000000000000007,-0.021505376344086002,0.2616208220793124,0,2026,1,1
2026-02-01,3.64,3.64,3.72,3.88,3.6666666666666674,4.0975,0.0,0.0,0.29354030232816364,0,2026,2,1
2026-03-01,3.64,3.64,3.64,3.72,3.64,4.04,0.0,0.0,0.3109223814277894,0,2026,3,1
2026-04-01,3.64,3.64,3.64,3.64,3.64,3.9825,0.0,0.0,0.3161738589619791,0,2026,4,2
2026-05-01,3.63,3.64,3.64,3.64,3.636666666666667,3.924166666666667,-0.010000000000000231,-0.0027472527472528485,0.3107603090759338,0,2026,5,2
