path_0,path_1,path_2,path_3,path_4,path_5,path_6,path_7,path_8,path_9,path_10,path_11,path_12,path_13,path_14,path_15,path_16,path_17,path_18,path_19,path_20,path_21,path_22,path_23,path_24,path_25,path_26,path_27,path_28,path_29,path_30,path_31,path_32,path_33,path_34,path_35,path_36,path_37,path_38,path_39,path_40,path_41,path_42,path_43,path_44,path_45,path_46,path_47,path_48,path_49,path_50,path_51,path_52,path_53,path_54,path_55,path_56,path_57,path_58,path_59,path_60,path_61,path_62,path_63,path_64,path_65,path_66,path_67,path_68,path_69,path_70,path_71,path_72,path_73,path_74,path_75,path_76,path_77,path_78,path_79,path_80,path_81,path_82,path_83,path_84,path_85,path_86,path_87,path_88,path_89,path_90,path_91,path_92,path_93,path_94,path_95,path_96,path_97,path_98,path_99
3.63,3.63,3.63,3.63,3.63,3.63,3.63,3.63,3.63,3.63,3.63,3.63,3.63,3.63,3.63,3.63,3.63,3.63,3.63,3.63,3.63,3.63,3.63,3.63,3.63,3.63,3.63,3.63,3.63,3.63,3.63,3.63,3.63,3.63,3.63,3.63,3.63,3.63,3.63,3.63,3.63,3.63,3.63,3.63,3.63,3.63,3.63,3.63,3.63,3.63,3.63,3.63,3.63,3.63,3.63,3.63,3.63,3.63,3.63,3.63,3.63,3.63,3.63,3.63,3.63,3.63,3.63,3.63,3.63,3.63,3.63,3.63,3.63,3.63,3.63,3.63,3.63,3.63,3.63,3.63,3.63,3.63,3.63,3.63,3.63,3.63,3.63,3.63,3.63,3.63,3.63,3.63,3.63,3.63,3.63,3.63,3.63,3.63,3.63,3.63
5.091146258097481,3.2269366266308928,4.247335137493964,4.556796116494642,3.327837726386878,1.0488770404047765,3.161530588731858,3.472607530827441,4.556197088002651,4.578240949974354,3.3798427752921856,1.3839513811113155,2.5523410773160897,3.128730272483938,1.7909712062483205,3.2149609283732614,1.9645704637945458,4.606569728202498,1.3845801962407034,5.516130592384855,3.0024490228435874,3.827025668932107,5.679230380639115,3.808670023187151,4.476181798480097,3.2816789211646507,1.519237466372902,2.797286190041658,4.144333993911294,1.7017478671813047,4.272059276839443,2.336395242002896,4.290961378672672,2.858459680035672,4.085464933146604,5.2390146319864215,1.8111008527441368,2.8014620801276084,4.136399967734861,3.0689803327528793,5.504044985273715,4.848221458132025,4.516527571310889,3.86213168918684,3.5363976478305044,2.938586947895991,3.6626921055730537,4.4329535458206655,4.579254689140766,5.302501044983976,2.484319012137009,3.6099152006679613,3.006921467297932,4.317358078757576,4.346865895579331,3.4415348662679524,3.492506261357893,2.3360978266241577,3.067449465635339,2.229454687326128,3.8223587642088983,2.329299406721339,5.2048734093202675,3.4335389866300017,4.915787564330765,5.062069627954706,4.693410603781585,1.4539976072987524,4.167477534639582,2.1627489782379583,4.125733679398557,4.881260505070968,3.0766200631945497,3.9642885360107964,3.9189315582242257,3.8695722845884224,4.413218169719872,3.5048595857688905,2.389927788519773,3.9526443654781116,4.311726615917546,2.6294373166069196,3.2128173361560664,2.673675214978651,3.129544646000594,3.354898525980783,2.206329176622744,2.748720563781466,2.022725919076007,5.59071631867167,3.5917395036607913,4.363799913548456,3.472047542749235,3.213632897291868,3.9152275493086472,2.821602360512374,3.6473653154240524,2.750945928500904,3.1520185641156986,3.3463056333109917
3.3250600734890217,3.916095396992036,7.137375184796225,4.151335493644608,4.949969208697656,1.902814871636485,3.8085762011291338,4.404857167766953,2.875229476041464,3.30125676331003,3.982936350665718,3.6026649139915614,1.4105205742089746,1.8686617630213194,1.3902112422180126,4.308989482240431,2.2439699217536475,3.609537497917582,0.5016932205329094,5.524041769145201,5.663082156867835,4.127463456720598,5.968558951480144,4.861491951276579,4.39078427074786,2.8731557248933925,1.517682040112819,3.0730510793642063,3.4896932178352236,2.191523259355614,2.567031956895651,2.01090700138657,4.5037275162544175,1.9846304751137902,4.604355238677213,4.221519000595846,2.556740152753658,0.9684864638634412,3.8015748254974753,3.6511123921521813,5.479838904121508,5.038323702441445,6.033089275602069,4.577161734909612,2.558777218685855,4.699752296109215,4.878165945205927,4.38917907750653,5.08768875340076,5.972320059133175,0.5291314762797805,3.4983890813972756,3.003938558285323,6.9080229805505216,4.7688735329559035,3.1519696326618907,2.793839911417775,1.856315768973989,1.3447326385151597,2.1984249911549627,5.5619678648745,3.0504191423040368,3.558288298720793,5.229507657770947,4.85289554705013,3.8923178782511094,3.079731763075237,4.075859447802875,3.689772188026336,2.0280179483186527,4.788388501896116,5.114411392285687,2.9571236494349513,3.9341072945042064,3.584317197640247,3.0559887944156,3.601423038278808,4.088465478773756,3.1053350554970782,4.651761267963362,5.132816517406006,0.43647672365405654,2.807382989062509,2.7500933368586318,2.311866147336864,4.057899652408413,2.8638530601824526,4.630702362669029,-0.6491562289634323,7.861152268780023,2.750186346116239,4.538002426473302,3.1782726318821335,4.0472761265064365,4.301259109370372,1.4761396019212343,5.066993119546315,3.8549326848314216,2.5216529342412564,2.7859616677877757
3.779613276969388,3.953210721987354,7.2221330497402425,3.9834918428196757,6.841764081672601,2.8699501014150766,3.8906870724269464,4.3338947971646276,2.4029058014198537,3.2420587170123336,5.47640107326187,2.444661701246315,3.022244338150362,2.993480567334603,3.50168831429701,6.431678678920141,2.1724257924516057,4.490916046351927,-0.21153049302422966,5.337446745258013,7.2563812363497275,2.888557361110685,7.8093235883710115,4.414976763292991,5.085402389272936,2.648134043344544,1.0262002956074074,1.4784656893263435,3.0484129581292763,0.30268264856667715,1.9587246035673966,1.9841740837594408,4.613425137142266,2.18173153525868,4.611507754157599,4.2972300761212265,3.8330308448739654,1.6367909362741573,3.615508710489305,3.612767898480108,6.171222006160538,5.040148814652908,6.139999997571021,5.766559644744966,3.4638604203555623,6.3306530762538165,3.6267751486612863,5.169694243510902,6.372317434891368,5.472368802285889,-0.3921864245313422,3.054406817993157,1.5926864021115883,8.264154457761663,4.091760130052126,2.3555942027660017,3.8260506079476237,1.6523743795566062,2.2394970871455113,1.6307388911264764,4.440534229442077,3.4744961754081345,4.081889892627972,6.162294618213918,4.198060242331069,2.7512247695241028,3.481644702130779,6.5630164513785445,3.599032109751454,1.454965120589476,5.265537031384201,4.120663982454653,4.264110878436167,5.1147796879733605,4.654002717638324,2.8888710090756544,3.5666383144863323,4.830649168961965,2.656869977653293,6.595628384446276,4.971588000597244,-0.4268084628388553,3.373329383047598,2.971520158932202,3.7908762081313983,1.5880008065951339,3.9976810189076595,4.6582793649829615,-0.03640742945348785,7.095823686591775,1.6978912630606664,4.9235487766000885,3.5313954431182126,5.137634271511274,3.1682822589730444,-0.0588098472313785,5.61304072826531,4.909604879457946,1.734439235875452,4.1599023942996896
3.1317243550026497,4.635770123403564,7.881527820198628,5.114568692815119,6.18303659924887,1.8133219472457833,4.920079844039913,4.5135155653152434,3.4416971411986053,3.8143100279674256,4.826759549399818,3.299725803620081,1.6880266555098915,2.2580342652220984,2.9227584499043404,6.101317905678981,2.2733920973244124,2.2314648566338744,-0.2824890733283911,6.077034485782831,5.855088863174461,3.364381728361907,6.898241158843686,3.804780174232152,4.642162320421371,4.888917190318124,1.2806774493972248,1.764497802787298,3.956125705490586,-0.16452426871568437,2.6239378709095353,1.7132002807781097,5.949808912347071,2.755464632106645,4.436977289161902,3.0270063843894772,4.138452186675589,0.8201276245452852,3.7302981527542443,3.527870885130827,6.6900109063230095,6.403195350925932,5.070111356795829,6.164454721372866,4.273660268329607,5.616159147744733,4.246585686364799,4.919891197076416,6.253523824089963,7.794435457086102,-1.8496202950468867,3.468036266545475,0.7055053136207662,7.561830900805258,2.268259643161722,1.959268197180743,4.215109034025928,0.0520519368104968,3.5630872502428628,1.475330530529529,4.974035695648035,4.0222467028834865,3.8277325720808006,5.660394429230682,4.583880318117214,1.5529853696367522,1.299512045734173,7.916608451748684,5.1639501444332385,1.28071637994407,4.653921436850677,3.1399026125694993,5.527004789448674,5.619523401784806,4.9144183618215,2.1813792646358685,2.9653727208210285,3.6551120258429872,2.6818214166734737,7.213725030931155,5.647911643504079,-0.5559285083389001,4.350329551614756,4.302150247599018,3.521680873947582,0.36727615155503335,1.72740784762754,3.024443357021275,-0.038448403524095225,7.445973899223614,1.2174087620019916,6.350047718810055,5.308499545353895,5.0350925446549795,1.2883371018970455,-1.1413147344482637,5.116241462929379,4.651548817036429,0.763128080541959,4.0450655760344025
1.3038605157009984,5.643819330754805,7.820064176719879,5.414810262297558,5.117791513398045,2.484202971508303,4.81598370976229,4.149740282820355,3.7746637845170192,6.51245283068262,5.202478788421763,2.8731359830464,2.641403441745547,1.7894456785440018,4.729097174756172,7.892347923863515,1.4589092114234274,0.6468203874971288,0.6352946251219583,6.9547503555995895,5.881814877893599,4.31605926999157,5.75932739870731,1.3362373869269097,5.011902416953707,5.003574704034633,3.9664495974756706,0.6582268150233892,4.493784898141718,-0.39132557500221204,0.814149148799935,2.0479643594042223,5.73813313097066,2.451632300701025,4.39972852605802,2.875934566844057,1.8006088420256683,0.4313567050674914,3.851278096081147,2.3460740540396436,4.73742292622971,9.416740742481892,5.2491768343235865,8.222853079673808,5.357481118150236,5.619667023396614,3.7583811719161253,4.506734765970418,6.962305693107131,8.192254025139531,-2.4193498106454143,3.1288304994111007,-0.10990266562234563,7.548621159506987,1.2121371439919808,3.4136825782220974,6.526701650602721,2.3067630175442226,3.4149694513194637,1.7433645799225852,4.461166686166833,5.3136584999366425,5.740264876061148,5.841769235874501,6.501004889149132,0.671352668152276,0.6311983910442859,7.792377738428877,4.054354776130152,0.6833299824492077,3.6713670745762927,2.569558644691007,4.885424582550295,6.417871725710284,4.919535358081771,1.7482985360687695,2.5480366406490815,3.065220824984087,4.31306951528763,7.597248512043566,6.768062290315182,-1.363902132088496,4.388059729352322,2.262496851624385,5.852254199018027,0.3352831783904944,-0.12684098762611207,2.9918996916777925,1.9361086942505354,7.825215974197083,2.5132126139258655,7.127061882815632,5.9195595359640505,3.5802804479911785,2.3630850194441777,-1.2848572783448786,5.554889510654068,4.962368488558935,0.7632970358277256,3.100662625702291
0.9450114726618539,5.9801181500561675,9.158886998906919,6.302779026039336,4.096084150053388,2.2179940535523457,3.0020811501823266,5.072440737963734,3.382118330653777,5.1525861205361725,3.964027455039538,2.882534858442392,3.2860211110891653,1.5687107169568861,5.373805514383102,6.553232452428852,4.234929056951986,2.458125568631251,-0.3045453892051635,8.773122489811406,5.165534389305639,3.6159447139690757,5.819881330348872,2.536547866035588,2.9045517190183205,5.538955805743896,3.6671290203660973,-0.3819854827404723,5.307505676652425,0.5408103016315025,2.3877418304586024,2.0046192034596793,6.460787974336706,0.9008379278434018,3.315947288595142,2.505503687029766,0.6526635414898085,0.5682350014205971,2.356981758147401,3.5818112901542087,3.7526949628667046,10.315553649235909,5.572015957885431,8.142296751038886,6.508188152144216,4.940568343536591,4.918545836279059,5.261038970052732,6.907111249281547,7.150797587411649,-2.283963046107504,2.0919766623019407,-0.9718896404128792,7.511847563150006,0.0646967944025052,3.473968003060176,7.945952748141413,1.8564710947498921,3.2146666368224945,2.2892590943209554,4.4567222042551045,5.142660919700518,7.804442041497438,4.724723411242743,5.95997155676791,0.5474527120277777,-0.9326101205774747,6.902627389587079,4.781207696255942,2.358817754259499,2.2880892883001893,2.8381473172181497,4.795781623245909,6.367810718546275,5.58630234969355,1.3468203840825894,2.296090069814348,5.071715779488846,1.5199193468436278,6.921964969122307,6.655069993748107,-0.8583073872237243,4.21946547689162,3.0549806961871147,4.603076049829736,0.7899523593864257,0.723184238934799,3.5374743554286194,1.0425906524892325,8.086214256609164,1.2343091175060112,7.140907057343269,6.270996816163338,2.0393381300956914,2.150367862042967,-1.293871779382251,5.420646439113265,3.114246249114937,-0.4182426877723364,3.0867450363167963
1.1135036626370203,5.652912962793564,7.454714797420508,7.10484233656561,3.6959125216101634,0.9096361391292573,2.8436169096572286,4.4843154518635036,1.2714545450178187,4.339166489285069,2.011355375457798,1.949467098272553,3.1028544752872373,0.44024687746754787,4.682536605880406,5.380974253412797,3.223629863681955,2.7514241369475942,-0.188384082214723,8.492125187029634,3.7091038700936703,3.0286780610080943,5.653941675916974,2.465188513505092,3.5239056053969566,4.413667265831439,3.533416317003913,0.675860451758042,6.184342725935898,0.8865314990137775,1.3041905787495716,1.333494881390839,4.42983891999387,-0.2741714190212796,4.9890053357768736,1.0632600000588621,0.3353352490223948,2.8412366297898606,0.8513352947751038,4.2375148759300805,6.624141657011993,9.375144110603566,6.410646800779481,8.174425593514066,5.838677619694884,4.3672029695684955,4.2067754839141065,4.298431358767973,7.903410154460239,7.445988195689836,-2.346843744434229,1.4260295414143693,-1.2172184993947284,5.765563362695856,0.7165813438119712,3.166417042230763,8.080709004953945,1.3153154055831364,0.43828440809313784,2.584024285741793,6.330568836671565,7.056713425031411,5.837732427559967,6.524074031839756,6.533240265575915,0.19473032424286674,0.3018013326573493,9.141100134946408,4.424679614671533,3.3286870115226885,2.6763652166991743,3.741971872156707,4.445368306104922,5.992029762378319,5.206883869759891,1.8555185051425158,3.34679316702499,4.478623624782852,1.1457007129183554,6.485134705163716,7.564621939728379,-2.5207870208839442,5.656045809566171,0.779613562705598,5.284491428380906,0.8182678037861184,-1.050004451548463,3.643083812028303,-0.3144787968204903,7.547891981262403,0.700165717495407,8.479093287994935,6.218155383025631,0.611445659468584,1.692699831075253,-1.2370731663175807,3.6193922636605844,2.621926368217535,-0.09649191267271684,4.132422322251979
0.3591079509005708,5.886830525532764,6.030899462542091,7.783077138498208,2.8967446228352873,1.3924355478946262,4.725000584288947,4.252265572290047,1.9247387972085783,4.145677722930607,2.009357819440247,0.07996565360716956,2.661773877417485,0.8468441583028735,5.764036928603209,4.950399366481218,4.575875803885463,2.3337250743637843,1.3744178507353588,6.78037234338065,4.717634283064266,4.035924052917795,7.054658053420326,2.4814987916842224,4.869703048537064,6.090364999431619,2.6359649126286984,0.9235339783599579,5.920144290878236,0.7232946439041781,1.8933365307549326,1.0169785249339187,4.726320644177547,0.1326978665476809,6.089419023989446,0.9075537155836797,1.4711517648219392,1.146087705025731,1.2408141679336535,3.682003664480343,7.966819483861576,8.32612903316868,5.545688707300983,8.526572766120047,6.15822010706088,5.136038836624204,3.8725468111854546,3.6304037310323602,9.000212341269176,8.473620140289116,-0.8710044135463695,1.988375974954643,-0.910926320938189,4.632154389211283,-0.6407028387164926,3.1765485100744653,7.7528589359720295,0.8138214719460213,0.7984038149289364,1.279135166773438,7.873842409882559,7.926074784020391,5.739281216180594,6.5527747211291345,6.97521929595965,-0.5909752826044699,-0.6808236876025401,10.246363232348973,3.7180977903482724,1.8797534833081844,0.9237653292177779,3.677699388641812,3.9561977877178407,4.9276268609831,5.653672969694143,3.8590468465067973,3.202708050144311,4.227330346958677,2.911543424390946,6.901976321521728,5.673339744447248,-2.210075240266238,4.577173123926029,0.5674991268547758,4.576363376254908,-0.30508448593229076,0.6555338183902821,3.5296938861189524,-0.509714609387187,6.073091508353362,-0.6392196857153394,7.820852402614277,6.1289207955154685,0.16633440627285995,1.9016791390944476,-2.0659037683081554,2.5253441888120793,3.5456926451990793,0.6067786962253942,4.825570019366417
0.3296169382571845,6.332433617220438,5.289329196639159,7.584366725227057,3.0637912314189055,3.3681234525713224,4.347515645795889,1.863513837726388,0.7855617935273904,3.7217568665621394,1.6584932326746742,1.439270295130977,2.530008121473448,2.2625598567589753,4.599550578459045,3.748825964131082,4.60953442129273,2.57462246377426,1.3195217162700223,8.095682002112946,4.553049482569318,4.918350105180029,5.256405725101322,2.8220078655464587,5.284697759911231,6.283559319032136,1.148592483533783,0.17653140058194083,7.687531392049781,1.3277891178550805,2.8117457387868923,1.4436186053647644,6.106967894399876,1.3841805355586128,6.008145088523834,0.9641211698147101,-0.6213980597408628,2.2089877933022377,0.3417036818029816,3.692250720797492,10.914445525932193,6.549788568435377,6.315025695811524,6.5980830714234315,7.345134011552095,3.0685897026930005,3.1877530597984234,3.43025380646879,9.469460947302611,8.035362219198188,-0.012329962926882376,2.11494664718405,0.31348322469949874,3.739723269049339,-0.4284894661119899,4.401845516425293,8.229047327558565,0.20080475734895653,1.1061747277373424,1.7250632895937954,5.351011493694186,6.767598864698527,4.900989697307807,7.381559822524052,7.07476857604828,0.010805680814959362,2.3014066036889074,11.752799152004245,5.280607794021588,2.773309033085027,1.3186423994497738,4.712509725753543,4.080463831822765,3.49304778757232,7.8812255605877,4.573407508516011,4.202430116080264,5.7744372431288244,2.714065416267199,6.2261103759810545,5.427541812592076,-2.451568905189164,3.691735932457362,0.1300992667283971,5.456160876117387,0.7351817516230041,0.10061258881688162,3.4374631628808054,-0.5672189078947916,8.466545818607564,-0.994524488534727,7.839450760886472,5.658028486122189,-1.4949526991305528,2.652455157597015,-0.9863930774159513,2.253565392093241,3.727146329480897,0.6499845890186294,4.92545008815205
1.2197686738239715,5.977848991055555,5.153947079017045,8.324809790667121,4.228236669406941,3.3828595674820057,4.954728510943362,1.9346945817704841,0.5293739087465779,4.133293931316445,1.1676895233410907,3.1855504726683304,2.3165769637470057,2.6780275007345584,5.43779949994477,3.9654332104680043,6.209812993019106,2.8512648063923565,0.9127485334780753,7.370259341183948,1.9824510162956397,4.277553931844648,5.954476318780942,2.691707083034011,3.976067381993767,4.652048813443894,0.5281848385690986,-0.34107024854047396,6.878412994707997,1.0226930987330205,3.341507590428897,1.7224906501011552,6.890600293409387,2.510989847876276,6.51439865138651,0.009100179881894266,0.29742355074390736,2.9042518673651383,1.8012325806509342,3.795573625522406,10.405588960850409,7.9979483062767205,4.585937258059324,5.234061608204874,6.243399231657517,3.1731653448167627,2.868178154547559,3.1120274311378733,11.855028640717483,8.352722725285533,1.5382658883472642,-0.7133389271618618,1.0131427195684781,2.419202670447985,0.8916913615979197,4.31290930923137,9.419865358914224,-1.051388158531036,1.5781046354749806,1.1729736480343484,3.622734700368624,5.36351106419854,3.816813046171142,7.064705115453247,6.551375333929275,-0.3226620913070107,1.8720087620953922,12.349037402870797,5.457737467674708,3.9970096153286523,1.5246443125281626,6.445898233144586,3.957536509910484,3.2688460207529855,7.929282213090941,7.102863798476251,5.70751638513646,5.135498136206446,2.2506473872533608,5.170858202425971,5.95586800235747,-1.7107954860513943,4.109173286958194,-0.4164675155936366,5.709939663040832,0.5520700117284274,1.0234062830470307,4.178664747126955,-0.48988030683623873,9.797655182897813,0.7960183681462937,7.133528625372165,3.341082275154481,-2.2623590832974094,2.851192374058864,-1.7953537742682888,2.139517471581339,4.364029646164491,0.5598443308518887,3.8984893722168943
1.257409869487397,6.156910120742837,4.255834433292277,9.044915034236409,3.794655168667535,4.7053390662725505,5.778832002087357,3.1212185190284623,1.4362984651173105,4.74520321311916,2.764387118187854,2.4659981488652165,2.2049635552899365,3.0193588976372796,6.65580829002352,5.557868662105762,6.000094161414543,1.4381367983752698,2.5141810402468665,8.310417221093754,3.5804212223945706,4.625919369930454,4.649840316842507,3.3873810531479256,3.253282531925523,4.29473442769855,3.3364257339344663,-0.38908225068801944,6.176096045135417,1.8005425995438378,3.921860257667505,1.2223622402725471,7.567716007956743,2.5746722981871586,6.516168721738293,0.3295333032211564,-0.03302257134881359,4.553280884951182,-1.2086970517073015,2.082263431276621,10.781557818748603,7.891011367351854,3.2052927648115497,4.908094953879231,5.607013138533191,3.1386863513624013,2.7954644198560774,3.585544461066115,10.306445754059238,8.484744808413435,1.5082860311556332,0.09735796251198359,1.8929357359193255,4.344356429866085,-0.764047313689778,3.9842615371907018,9.074521093027208,-1.3735524603080884,2.0344262085911335,2.254759182090775,4.510569834401353,5.923476656586221,2.923209754669886,8.411692701650091,6.977495223071225,2.0389804762905563,2.2346449389175342,12.615916635169915,6.091524680260466,6.108689387462249,0.4848913613808701,5.285043364451324,5.615106632991764,5.482111316325183,8.723158654397382,7.737219054930187,7.4508080718163034,4.1386295782831946,1.211745718333792,5.641251914644137,4.732356648907217,-1.15488547677659,2.2309084975048057,-0.9857599649697346,6.19077298281774,1.6306678721550705,0.8625636432465963,2.6902932748549606,-0.08364368023207758,9.584879864074637,0.04845801541409955,6.7711133640837895,2.2781856837690233,-1.3438424667989697,2.7417936699269667,-1.2189362100668157,1.189856852259443,3.4068304762906436,0.4786221303418753,3.2792196648351015
-0.14086241202487781,7.024251251115743,4.417530811592692,9.358920519503128,2.9779884588641097,5.815474366693094,6.549602931960678,3.033566906477364,2.970996020691657,4.892285417207082,4.696158600619504,2.9975092497099807,3.7093058485646657,3.4849662159527957,6.933971933534329,5.725383294063085,5.12843167986353,1.808355355175446,2.443217769203628,8.302088602408126,3.287973169467037,4.7375797655534155,4.783084336072414,2.8647975284587237,4.062405242188504,5.579064701158385,3.5888239461626874,-0.5159332155128676,5.577676436918012,2.5243184379513735,3.2983473580997593,1.918444914574511,7.963119915554401,3.586550220362679,6.441234749069613,3.0694040253059893,1.3652919375958081,4.461456102801961,-1.452180072378333,1.891910790596245,9.474672014054725,6.36844973099382,2.3889871919064714,5.794661113496473,6.599790644844625,2.6500379326271455,3.253156669706608,2.0067453736212544,10.444141779616588,8.36523971473801,0.8622425250506585,-0.033047183771112904,1.3789062560921483,4.841060391587899,-0.9068315601304981,4.8582335614102625,7.965688764764926,-2.0271412254709573,2.4510888093244394,3.9073787005113907,3.515372047314137,4.77283820482526,3.0109897544527757,7.354395656833059,9.18252186573365,2.1199965656669577,1.2451708665613062,14.328965506378161,8.0564407373813,5.019931498537716,0.09089951508116395,4.764313339766063,7.55447316848009,5.555708273336381,8.235131797425906,6.877853650270797,6.7426923632911,4.803291045997265,0.15480521685502024,4.460328185526349,4.075360251103506,-2.325784672330675,4.525394059615781,-0.2930817417604592,7.567768682268547,0.3706687000489777,1.6804494156218261,1.3867480614109169,-1.793291047058259,8.542321037514991,-0.9808134320151346,5.882533469396187,2.406235865161788,-1.5065059826003995,2.53265657276106,-0.4264906605666421,2.429201885168001,1.913141540201714,1.8248402500590264,2.925574409885979
-0.5802327144566861,5.692807737362067,5.607135070949997,9.028354079281662,2.4396278708439243,5.4988020325823435,6.865248116972238,1.7588770101987583,2.5591084809791496,3.1827350475741802,4.508648400418806,2.8107945433016646,4.497957770410011,2.907327686214032,5.870675374112519,5.399946676244081,5.597129281407374,-0.6148251336154678,2.7696826097101295,7.642805950880391,3.9883504157822776,4.186017175961553,6.065590727429045,4.825835385276135,4.222196571451075,6.541691451465388,3.8925133755831403,-0.021629350343102816,6.634276509560295,0.6474186580724159,1.8475250679779474,1.5657769002699222,5.5520475328792225,3.5251559427612205,5.52076334420981,4.077647277489518,1.2827063880940817,4.34444339933402,-1.4723231710142186,1.0349279476582143,8.328518685289984,6.082898919018655,3.6900742931484483,6.14238065793975,7.347144351695089,1.0330343183258166,2.2437514117466497,2.0267664032394155,10.310608345986607,8.214675951141633,1.5060471636984243,-0.38170205930266554,1.557085900013443,4.779699834583962,-2.3438972129002247,5.187101700256196,8.196394388227795,-1.7564446369205395,3.008982489595431,3.651346200666612,3.304402321203374,4.245200401382071,3.058510005215307,7.24725180468115,10.264349413925355,2.593364417912635,0.3873001047144301,14.281375205019051,8.321684072119353,3.9132129501254873,-0.7679941103057886,5.397818605999476,8.544539249337497,6.281686120977556,7.375524277325991,5.090804307415812,6.028874674395797,5.916044750346452,1.6876355738133775,3.8395793454076426,3.472058265609447,-1.5412841507291983,4.4868814114205335,-2.1734045682535736,6.056056779618279,1.085990686548418,1.552587626866309,2.3037182400588807,0.7320597857429698,9.311710322810972,-0.5372344477305944,4.464296434381116,1.9929457740875138,-2.882481648838373,3.5303880636694354,0.47709237745256294,2.5219138750667915,2.0819031011131677,2.606949272843365,3.785702653837111
-0.09647720748383293,5.560080759072718,5.7311952388528224,8.339213493239948,3.1209275491305366,4.027975057347188,7.6786810476701195,0.16260042205733427,4.211161890960378,4.415190432984275,4.378414106916631,1.6743459420457707,4.769649231164587,3.979615979899874,6.137906729041703,4.998082418413483,6.146525263614992,-1.295029209177197,3.519909657358382,6.884870862454922,2.8158543983658326,2.0818204204602098,6.534877202415448,4.071900249306586,4.98571228152783,7.204023799831846,1.5554524950082924,-0.8808709483150241,4.932954602106475,1.0363778311952017,2.062386879808187,0.6286741087392038,4.637827411839918,2.937621069696332,5.422811623780528,2.884904328403649,3.422901062231105,6.2975479020379,-2.013879197219127,0.10138706966927313,7.041075539790282,5.736999950022584,4.176371164235506,6.226026764861896,7.261177932969029,-0.37234754243006907,2.2863750329104717,2.384083593338413,8.860272675414208,6.776457706295513,-0.05426485326273878,-1.0538169983084513,2.6434252356815264,3.7890017945983883,-2.8208829736851113,6.756996533378059,8.559284967125379,-0.46367276406015057,0.7355390051429804,2.916256132692382,2.9238922205981757,4.45043711102319,4.9932783380736785,7.119845256080021,9.138195385673775,2.662012268105669,0.8291513303350136,14.143370550735517,9.281857107226527,2.620856870861412,-1.3559546868470056,4.292928109940048,8.423513902222897,6.655899445637337,7.302383655873723,3.3396506353614823,6.8919954974441415,7.60560186193122,0.7073369912122228,2.1096674274724463,1.438891843970603,-2.2810664102215736,3.9979636139888854,-1.8842510389276328,6.831174149617969,0.5495048972781025,3.750071627600721,2.098438618571612,1.442826791721934,9.34695809347558,-0.05326588331681881,5.293773230589504,2.52751273021995,-3.3351734418824597,2.6686095050355707,1.4040533508652135,3.6051971672590035,2.4396896990540697,1.4517611037530684,3.7315457270593178
-2.070060519321813,6.352302847911636,6.224994754081918,9.07170354003646,3.6007185084287863,5.320564769178399,8.382256896463083,0.3327026416898493,4.760009027484216,4.993295824588507,3.2827656395502274,3.2425610197205055,5.251441797694995,4.351899438292489,6.5340487223297234,5.813917812802862,7.306254393011381,-2.2879571518148296,3.5321670870775743,7.406801103754798,2.8039063901058863,1.9848257430086225,8.684653787657162,2.6508730928133035,6.3501023361865885,6.71442198617273,0.06003877195221863,0.44868232814409925,5.627637997984449,1.1648316721174896,2.2104614442820307,-0.22720803603140427,5.202966952361232,4.610072387279418,4.795459685458507,4.566477351993783,3.585158273467803,6.855508337985035,-0.9221378115355192,0.8502828519593191,7.978268663849848,7.184530975983802,5.451546120509371,7.06614344837286,8.304705365227653,0.3422517063127246,0.1979785185840739,1.1231516866073525,9.28280605057697,7.525837568823617,0.6252813588623558,-2.5176883401622283,2.808542037953141,2.1405169211370856,-2.1980198957850408,6.227131923685825,8.16039558653489,0.1796317447184248,0.018493275860409275,2.9894820429893008,2.774890671910055,3.084576873211974,4.240276966455627,7.960703039817359,10.228932527724183,2.4390730898830744,1.4034084168178893,11.962918083325018,10.286871568837643,4.117808926826995,-0.5259165177562312,4.405404941134523,8.28049475105326,5.720997102776397,8.263518709329505,3.3858874608778913,7.33424699077145,7.117710017223268,2.0103858344035346,2.508331789990505,2.164031315068619,-2.3446819669671366,5.269893511310276,-3.481712149396066,6.158625893891692,0.9957831114949527,1.9220994011548933,2.5088283215020897,0.585044826296101,9.84761812649182,-2.0829993188757974,5.6670762928373035,2.7389336794861108,-2.13481564647026,3.8254120681903467,3.5343557450979994,3.560183401493236,2.525123738259914,1.642781725127206,4.222525978647367
-3.661274325404313,7.579702396054501,6.336314566291522,10.668023144122662,5.0411799687730925,4.9336295881392225,9.04294344193353,-1.722637013742849,4.609164274791339,4.580611138910355,3.2823029852226804,2.6579197154113805,6.230867501313687,3.840949488480689,5.511067581330944,4.206380621616098,7.965039284895975,-3.6495210028979006,4.464785531683185,7.189905370363787,5.491795997437432,2.0966076382345813,9.624039391469239,1.9931781766164807,6.217693464028486,5.106058101365114,-0.0989067738781868,2.1412258465383642,5.232979739138264,-0.03959572827968327,3.282604611383362,-1.3141620151652327,4.615956992971845,3.322426516325546,2.54857334979923,4.603054587628326,4.601583041995575,6.163738401259839,-0.21087267282627253,0.7150266413967565,8.321215614708988,7.4414062739457805,6.041376669292043,9.632735243721275,8.648124754547203,-2.278492865857758,-0.80816979369956,0.08392308244484847,10.059192969805434,6.462227890953317,0.8292197609093636,-3.1302013923485994,1.9744659356192393,2.987453417478223,-3.104044585915345,4.725541123938339,9.57139673292791,-0.39419449524257666,-1.1240819816800791,2.8019412786889637,3.317737077595077,2.741708942777071,4.1194037184367005,8.422207538078384,10.518630245262857,1.9838931350711118,2.576749711391359,12.690467880799272,10.880160040246485,4.138868794555542,-0.8505283663770902,4.652754718871782,6.758110353060989,5.531505036530564,8.409964332676445,3.0373885857685012,7.16470054060397,8.342956873500773,1.444146401072599,2.401768737083565,1.2949909901475554,-2.2119689505093425,3.2972264089614853,-4.000892787358954,6.212206760057316,0.15211174411964357,1.6256346024100181,3.1166751853831487,1.1905761051871127,10.399695526449166,-2.0523865642066466,7.92086708593421,4.296733917623742,-4.614944923324181,3.8624313918927986,2.8591630697974706,3.5656439492570255,2.3569734888420353,2.3649854236944017,2.760427474998596
-4.5760486417592325,7.980753478270334,6.303027594840889,12.359639860978247,5.354795847229439,4.982884315565484,8.623695467270789,-2.0949040399789762,3.7632384330480337,5.26873406763519,4.305242020867602,2.651952530553539,6.136345652891971,2.7336003757630083,5.072393754758073,4.122848433042185,6.320470646687369,-2.6335771633426237,3.6882667276150207,6.481944304052067,4.657554374923603,2.368923738229754,9.810011659269776,-0.9396954012901324,5.486294060798856,4.302925164916709,2.0302283116909754,2.8322688794420583,4.260389066039483,-0.9830387728972835,3.365226205498444,-1.7856882950721686,5.633591490305708,3.587999334157267,3.1800918721939437,4.4616201509442135,4.223040925172366,6.35321565991615,-0.6893497534756168,0.27010623924008287,8.627198602010232,5.053098012802818,5.923252717749887,9.444383438541045,9.20623552820113,-3.3933990534803056,-0.4894888293935108,-0.13499788205189428,9.711062393800947,7.540458029272082,-0.8465255956532595,-2.795117880597094,1.4603609525709134,2.831193733809195,-3.1430767700575952,5.736373391540912,10.773994089222999,-0.009767880949293595,-2.3162548404813608,2.455566772261809,2.6019105583047666,3.8905491529300207,4.663161055697673,9.271893272254266,11.299810971460598,2.35565761715558,4.010487109057642,11.401392374809166,10.603477279541726,6.315279955169091,0.378533277376943,5.3505996646223215,5.237762698973892,4.349177291423496,9.64318261795359,3.7326652609851463,7.36032204286778,8.624230031333617,2.5862670887159407,0.9353392709133876,2.409084208226146,-2.7917587888548407,2.6305418133003737,-4.2013551482063205,7.684475186206943,-1.0592127577753192,1.5349362826780846,4.242805130958171,0.6142805117598827,10.26704485588513,-1.9626893856188492,8.956223615456413,4.100865853461408,-5.161498920811168,4.447467186041244,3.844888318321448,4.846377495102321,3.780030227434054,3.153781009118739,2.3095180971815963
-3.4750761794046716,9.260345803229402,5.9013573828391195,11.65190716744079,5.690581738111037,5.868184294200185,8.871956587608882,-3.0056444882349984,5.235955798852222,6.2241031129324575,5.326662771333214,2.4133904852032453,8.42065122415029,2.8680754436215894,3.710967188780408,2.166039525474432,4.829066210473497,-2.4864398405591603,4.515758465494195,6.572798337635204,5.224011826881952,1.2314804537428163,11.005804090942073,-0.08039138428072945,5.9087968063293,5.241818160128108,1.5437617326648065,4.066893558705089,5.32105875502439,1.0688811907929319,2.7075725086514137,-2.534274303850692,5.972655655059837,3.392386947657939,2.952976576503084,4.2504272334946345,4.284880169587935,5.576925377499807,-0.37583340282800404,0.3937262342817525,8.519104531798723,4.567900422445195,7.512152263567475,9.599048239399574,9.198562328845775,-4.8020668081642235,-1.1463859102304395,-0.3377604013876446,10.857281663744363,7.4668848484394434,-2.2227295679941883,-2.7739798542304013,1.4293770326367443,2.2526191469175942,-3.578260053074798,6.112850909240248,10.91730840399178,-1.1220873572243972,-1.3722290732983857,3.2608523655170933,1.9027991230135213,3.9717818990233114,4.880591199403934,7.041586406280421,10.032878060817268,2.8675477851205384,4.584178792466567,10.724514796607645,9.651660557209492,5.264713871514328,-0.6107991402469763,6.703588519651068,6.223916531974231,4.19852698271221,11.272195794985793,3.3984804319917234,9.543629350547002,8.525011425085484,0.2980083413537784,0.706991841383373,3.9054799370956803,-3.5063063315057175,2.1701690246681395,-4.349780124151488,10.097409647314262,-1.3918647117866438,-0.9139268030733345,2.3242675863121347,0.5076043764140724,11.829849588479671,-2.655006556268316,8.074609134638406,4.05209028848438,-6.591219162644551,4.912228377095964,1.8776672000684016,4.340772004381828,2.446996252256012,2.1912526462901205,2.3578741106304406
-3.6128686515664135,10.758884403639664,4.92825567060394,11.077216961056452,6.426549644039397,3.6396730930518806,8.890920090369951,-1.9231448974699275,5.727524162896023,5.493176524599429,3.07105905118054,2.1448239999038843,7.309522911117565,2.139175965046892,6.152766269362349,3.7997968528519053,5.153338445608094,-4.101193123153136,4.365183218811237,6.00993819614591,5.0145480815712435,1.184297699305177,12.48613636909592,-0.18796561424905306,7.176911594107837,4.397369485088824,1.0141095662027606,6.131673671891608,6.380773417963997,0.946905880762828,3.1774991777890302,-1.4068672760088117,8.140923649084066,3.6198831911723386,2.8955610802086094,5.801136877671103,4.70805791321137,4.787440886836265,0.06666165539288138,-0.5188463835293906,7.641665375080951,4.428482934732958,6.705854225434133,9.323741841808754,9.512263536248438,-4.803696736696391,-0.21220179211100698,0.9544565760865448,9.289022687275812,7.356115083148797,-3.7525299481008543,-3.985061746124356,1.5334351792894574,3.176328200790584,-2.729275081527825,6.341145517425224,10.587016934783597,-2.5442093461716757,-0.3357252879166013,3.5965397459238853,2.9401602608589967,4.903441606923654,5.040775389761377,7.292188112253274,10.36298454442317,2.995540470094312,4.24218635049654,11.991183375866086,8.623661855867518,4.447352876225177,-0.947251759986734,7.234389942902503,6.762899305643574,3.901699230658265,11.596140755184386,3.4371975513840467,7.665595801727503,9.026532672315147,-1.8721532422368017,1.8789299236544919,3.7838972882369477,-4.395505886917341,1.1188893814557508,-3.7356173914518602,8.065729074318028,-1.779739749827471,-0.43268847966798596,0.4905042815966063,0.05882420363358576,11.35096527647545,-2.7005101813342067,8.059707090903059,3.073539234419118,-7.436455473546879,6.792493892756331,0.17926026740013334,3.1226661524981454,1.2214622843627767,3.94259540035238,2.933692629953825
-1.4204320380361999,11.156609935399082,4.470957601416826,10.292424974820129,6.001807576128277,4.308946254208804,7.9898571624357295,-1.6246467074169102,6.640747099308043,6.588484608167796,5.413934094856289,3.049396500203557,6.589128827168425,0.3583213663885845,5.872415401805019,4.270833118174767,6.196246346539263,-4.74050942388503,6.153774200918463,6.522261748232832,6.72063307962522,1.115893708694159,10.44373329789045,1.6247491387489252,6.796271815641407,5.5997008053004755,0.569854523964358,7.9337571706185335,5.599503409133421,1.5166722217638084,3.7016990798651044,-0.3158498564800156,7.627646938896008,3.523671197801419,3.837859972969715,4.275890723188585,3.8968000551162216,4.163285903700569,-0.6664769949219892,1.5103179109528055,7.915041679581854,3.6375593464850553,6.8805181039650325,7.622382588676729,6.8038448960260824,-3.6243025175115777,-0.8752043101151045,2.2732380131075263,8.74316941000679,7.632668056936531,-3.60190004860615,-5.296159348332189,2.7468661509348316,4.018437769582105,-3.8020510306859077,7.493745964798848,10.868670975109191,-3.277016183787575,-2.911056977867089,5.303368279032949,3.422418165919901,3.5536699801541625,3.0165212189228914,8.303095329377,8.964861004698303,2.39400890012669,4.0283074186457695,10.75854814319096,7.948569884486384,4.478170255440742,-0.5968121290526458,8.573016586239289,8.800216950339621,4.158216401553989,10.761969648439223,3.1513959675868906,7.635503698509492,9.479314594505901,-0.6051755083205601,0.5638646604177253,4.051539484869871,-3.1912069511447805,-0.11251591254015803,-2.7817159127618902,7.725392713978986,-0.7128220547909887,0.10107920830321426,0.9252237342636935,1.5631654978774112,9.927946280047676,-2.5045893731148885,6.766495632379398,3.0595074457197082,-8.646847083438875,6.070888494077677,0.6265050762877571,2.551853728598608,1.8596774054676137,4.051250536479991,1.0430128526401898
-0.18668938020697934,9.980242255371232,5.262038801010478,11.746407509662198,6.0320684638115365,3.4550873192709672,7.538917558195139,-1.878366500134508,5.761113306800153,6.597933512738978,5.092063010382175,1.9504499022993327,7.876156049633648,-1.1691285505823537,5.12383618203861,3.1249383957957964,5.6732516288565265,-4.277124601811298,5.9747102092353215,5.1754129058502185,6.641284854761425,0.3098797329190145,11.118052023327923,1.8797882348305452,6.5007418185608605,7.523291259569095,1.7840121265364446,7.881169290371558,4.82777077938845,0.17068640160096593,3.031873600365838,0.5364312363890859,6.471919804330399,3.7074247153222397,1.6155509597784197,4.808125066807909,3.4407903505268327,3.8330414910154205,1.0164469946763837,1.219304103689358,8.080354809045925,2.1386150867304554,4.67785094442891,7.113575657715614,5.319690317700761,-4.230804782797449,-2.5477649068696637,1.0239676089598302,7.897235266657968,9.07461976567821,-3.9907503714625108,-4.344080119667096,3.9722628304686145,3.43030548962368,-3.797876918512145,6.603495267651309,11.1888229389319,-4.681847001982893,-3.4131798712002688,5.318668060974579,3.1564013529252426,4.769734578470441,3.951328497106737,9.473158939553006,9.661970071155121,3.460948344041106,4.129900417298916,11.731340352473815,6.990562386569294,3.1434679626753845,-0.4847604612843543,7.7955173638930555,8.995895385722832,4.840982451554109,11.965837042611433,3.9806975827365685,7.078655456098046,8.94600436411834,-0.8539786025699908,0.05169219044963935,4.482744455318387,-2.4078929115853738,-0.06534550694946013,-3.632794975942571,8.345723830143786,-1.7005205611335592,1.7014059041401879,0.8281763902253498,3.7213797110448565,9.028087908742014,-0.5544025997673576,6.7612476940242185,3.200770142370035,-7.859853802061164,7.392259443430601,0.8650371949737472,2.863169879187726,1.4685775609096752,2.5496183670104067,1.5637411604611131
-0.00024182646093706683,11.72526167768672,5.199605516667856,11.257692855423983,5.157617060864615,2.629125886956735,6.471907760449128,-2.3132319440482765,3.884796178097292,8.903400461574606,4.9924281474096315,0.33045241250806145,7.863539453207363,-1.2256541070011233,5.6547295216107685,3.207474301127011,5.035574026502307,-4.407253493922703,5.468042995225885,5.931409165923472,6.5939126294298225,-0.6772269151356319,11.810324881509072,0.6560217514713458,4.486969658075553,8.093393671244318,1.4992852752647652,7.368235225542372,3.5452141352589273,0.6350277894461763,1.7673781121369598,0.619228256085861,6.343260400101825,3.720426354836763,1.4599103062443424,7.3065192183510845,4.006767532404799,3.5820723646721255,1.4640704980865733,1.4612387658750845,7.856206377261782,2.4830647163319917,1.91596530892848,6.99294363075538,3.641725482058111,-3.2266578271964983,-3.9244643024030297,1.7253218681455458,7.956795547964007,6.307429547028891,-4.029263444154969,-3.8523900805403337,4.650279292576299,3.207250664625372,-4.298818544716355,5.745208633101132,10.271229225357018,-6.033375197529942,-4.814328543970403,5.337711230453097,1.3918074480598368,2.704235410976944,4.200117097882221,10.593311129674957,10.154540974364625,4.384830469615393,4.292274457194353,11.861742014602646,8.089028949184186,3.4843720569061136,-0.854138532969895,7.733663080328703,8.71808574538863,5.7970200549774695,11.93377586647347,3.439731084591342,8.542129084780226,9.093592804034929,1.23918015986267,-1.1732713534254278,4.867254843981439,-2.0646471103696813,-1.1102974265347143,-2.840522416099563,9.553661170136177,-2.72295174063173,2.9847382890956906,0.68759321077249,4.346801834906172,7.4389476732179665,0.46062846023993953,6.967865820821991,3.3545471646485647,-8.039913518224864,8.697149933874076,0.3473737704780636,1.3774350802850386,1.3962667211198072,0.9438101279449422,1.5321125335642072
-0.9188949195000029,12.08792893533944,4.7441942377764,9.308030440281659,3.1584456463577073,3.3087519216467607,7.502604032756331,-2.851311290010864,3.5995912622804704,7.85777755456032,5.566488021724417,1.1418720425256073,7.85304963117308,-1.461074111624559,6.393792962337212,4.162432267359622,3.271079342979508,-4.109038989418892,4.038641936377534,5.020696508069212,7.265385966927339,-0.5171005368865768,10.363694626845296,1.8659031030898539,4.619639102315154,9.095931924222437,2.8650760100261428,7.072463416870888,2.936074910644528,1.0398964129220492,3.152918274075129,1.906129103733532,6.134303396872699,4.4823977803257495,2.430946478732855,6.029421093856127,3.3741776307223548,3.829983538995112,0.8107825480037302,2.148666199289119,7.454685226658763,1.477836075997533,0.6105229722497001,6.912266135187628,2.619387813397705,-3.02715936621658,-4.244958241009012,1.47584990601101,7.984003931993546,8.129107090544995,-4.322030859887138,-3.376683566347652,4.3786694284013485,2.7873190207045617,-2.6908339502839427,7.3051842223523025,10.069295992365078,-8.748333769653723,-5.871000744214634,4.677447372346752,1.1470188164833552,2.144927958675527,5.157986689973546,9.985208624824393,10.488687176487266,4.636789452522835,1.3182301433648886,11.809669517390615,8.833904796915435,6.1105070388646485,0.6625601389037856,8.984775737614473,8.793382555219985,5.750007092865116,11.83816850643997,3.302373695765139,10.084940162559002,8.916567111211668,1.3570211440149647,-0.3908401136715548,5.004271890840068,-1.3826797417686154,-1.750694775552794,-0.34337603040603515,7.869542526503505,-3.736398784508674,3.251903660156141,-0.5765890659487634,3.5357866796847945,7.130794627321253,1.1493272429483163,5.953830237392236,3.090505145073841,-7.686564435600904,6.065834245678007,0.9105897325437728,1.2339186830741489,2.5760561508418136,1.3529721888310897,0.2331043861251041
1.2399709215984511,12.990788482429707,5.102669727516442,9.289082023022916,1.3645456730198957,2.651661245000115,8.82597559307977,-2.380005454038803,5.503466243265439,8.275604991085164,4.9300334763890925,1.3347401034424033,8.605388695558807,-1.5496596535533507,6.329667566830214,5.6910908035796535,4.704891130019313,-4.437538227629641,4.967772007666132,5.518618485849937,8.450559332251778,0.17048770675089753,11.709850958167971,1.6231559872426298,5.29389355224609,8.488306358954535,1.5148915177179936,8.034345207350952,1.5718476766535032,1.5238881585998678,3.986324721110534,1.9513016199920685,5.73970174846811,4.563511586734579,-0.13508177108880481,3.965614202722569,3.816219313247959,6.875421672466124,1.6554187697450842,3.8107127930001585,7.784422747328908,1.7189418084970138,1.1463336323813706,6.565103729867296,1.7004236962331623,-3.475668999886841,-5.34140638624587,3.208077672551984,6.28156825730398,8.45003255946035,-5.386897599965684,-2.6480881312418476,4.592881200475358,2.3052351868938037,-2.1966455586866975,6.838889528623248,8.385150775902765,-7.182332471580613,-5.116286223796094,3.065176063957736,1.0051098202386624,3.4895372576191033,4.426394188311971,8.215578191541677,10.924951023482038,5.344066931284671,-0.9579610276597577,12.355534241180143,7.832902935629955,6.988000569710385,0.8907665942872125,8.11293675866159,6.486554961402553,5.269928663210228,11.141096128125199,2.1990677370467657,9.324931980924834,8.525848689176092,1.6663029459089316,0.1941881444752075,5.301326164941536,-1.5529256651444634,-0.2747141987433126,-2.1476557267698064,8.873853319192825,-3.4810774247063123,2.929418302646272,1.0396869625607583,3.4608100581044168,7.222941371588547,0.8227827758651901,4.821272003213611,2.868259253795098,-8.669869307283829,5.109963102237488,-0.2567552546802887,2.141853391764805,0.9649333534729774,1.6525789601624181,0.9561924953429891
1.8607140401151678,12.191714034898837,4.247041361215673,10.1633916374541,0.695350107118865,2.082756431766985,8.747736593361266,-1.8154475344182015,5.239557492306975,6.299636972432438,4.077075445035672,-0.31835132491342977,7.0599200415481755,-2.2950263262271875,7.124304394514859,5.825262864951731,5.191496385546705,-4.764870465553202,5.712521835431129,4.7149648454120925,7.8535096126481,1.0073814461804975,13.164382606881821,2.7059622343686063,5.649391222505981,10.234477988231154,1.1285367234417814,9.100411412071782,1.0404120169483844,2.059873050707599,2.163600117885208,2.3969602205196923,5.6714791866169465,2.3550337964127706,0.04353808525341302,2.9730005756438347,2.7080934512342436,5.326205953146568,1.1727221896603461,4.140043035597124,7.378382134268132,0.8536559034813354,2.5517811555482943,5.184415129982023,0.8138802875148217,-4.032081383510164,-6.149301656410868,3.411041082995201,6.3157649808968035,8.883878996396787,-4.880006678501627,-4.943154411033425,4.2047228270488635,1.2595756180071658,-4.169440327513965,9.224956924597633,8.142151503356667,-7.091406611770309,-5.3851078773383545,2.6432320361499353,0.3751335254371855,5.034137982788801,3.9682189157637198,9.87762645354182,10.281007676501167,4.299682215364992,-1.680273800379684,11.107849751507509,7.22407469277982,7.735815448186296,1.444682222525817,7.473936151265833,6.735425537100436,4.821918464345703,10.521137004008622,2.9771999431283493,8.748984090392105,7.156742274126215,2.4747250292130802,2.575906961634175,3.936133655013349,-1.3348657406131046,0.6283335575165722,0.7079720678735901,9.271247856029264,-3.273520677581772,1.7318824849638632,1.997744436120167,4.995952468901219,7.206965297713053,-0.648653805492195,4.984947925703593,3.557968590826186,-7.103517018934443,4.561957603759265,-0.43625457102532733,2.561879416439471,0.6917306653216232,0.20485416236357556,1.4309153360396667
1.2590430714944971,12.934899113054689,4.253239896945053,9.475638029575153,0.7787687744715998,2.3240823402823136,10.42880226856315,-0.3697089107050864,5.3067226511349315,7.9663315574809435,4.729635938113362,-0.3216275542377423,7.78126639574952,-0.9092707019370416,6.743467847073805,5.82775936421454,4.934717993387883,-4.675169484301176,5.058043895083132,5.341131376235333,9.12405821813029,1.0300139303372406,14.910485365883458,4.0602753924197765,6.817154004386068,11.13517982173412,0.20068918460716645,8.82104163381608,1.1484595927420993,2.333341764828338,2.6498985494324416,3.233274811934948,4.046561613239557,3.7519696780131957,0.6833931419503159,2.8556818652971043,1.134658919727081,3.959891601549896,1.9606555567343218,5.404284940412393,7.257716624500077,1.0332094837330468,2.283738438935761,3.2467395000536374,2.2129848511897108,-2.762718414759844,-5.842951544398941,2.1621870409239135,4.574650658232642,9.893876426526665,-4.0303441809737635,-4.218160765033664,4.50775917212108,2.293237193524599,-4.810318497964076,7.087434989418318,7.54497286878393,-8.92621690836045,-6.3987885016397295,3.1503551316433023,-0.17129663269792117,4.215787889402501,4.686999777160366,10.407185292333164,9.856285242780988,5.346423869968023,-1.479690504032632,12.40857084354575,6.4182909823590695,8.749899270048951,-0.05095621596399913,9.855826086003274,5.341588604771193,5.550500452803318,11.484631658448535,3.3656585424618637,9.066800121035541,6.627607398556444,2.506208303727618,3.8234253119817625,4.2768193269931105,-0.5291359093800414,0.967389866548895,2.715521474998188,8.311827500547166,-4.371756934723374,2.8132335389413683,1.9319445063817224,6.310802389169,7.633906132078482,-0.6020744878284654,5.048621276274266,3.238025768180695,-7.001611219866124,4.437021634389599,-0.9357786436450186,2.891287697278571,0.7997834012580688,0.5306818761970641,0.7376526558799684
0.45115922258240415,13.116760636805315,3.8561075437358387,8.73396580245053,-1.976360210228099,2.685803720877994,9.622561953784045,-0.30632037305243875,4.072305467147739,9.104623169081616,3.2158858360884595,-1.5873152103042005,8.203750148160378,-0.2683576577451978,8.227730058687069,5.3808103144477375,4.744458905317804,-4.557607484337989,4.342023811574297,6.330073825862847,10.283507603553598,1.8963822239120791,15.893263181318304,4.270618048389033,7.294328460788978,9.475890036539488,-0.8707164220069995,7.852724068879066,0.7599588124604513,2.1718777771820297,1.5497601365332676,3.3596628919309883,4.84554936959413,3.125010041094644,1.6514798481406392,4.332307183926195,0.32981137681728734,3.504338180041191,0.15259231316987942,6.645597864221081,5.031373793957455,-0.410784775657999,3.417333329894376,2.4995549247441025,1.9819743659691693,-3.0729141622943765,-5.202953529377972,2.9272748984703485,3.318379341275522,9.735552037045448,-3.761171836982115,-2.45511043051646,4.364465097459652,1.2628773722161912,-5.8554694920790595,6.664563802944297,6.244270227828084,-8.296963027369843,-7.956889629927058,3.0858677401553685,-1.6479418655946403,4.528507229241798,5.25191192561384,11.949669565091028,7.21613450552171,6.266826841808155,-1.5447984955628502,11.438263473009236,7.478824579440502,8.981156597925306,-1.442740943741023,9.948396962355364,6.06710503487068,5.394029994874815,11.89443858483807,3.5965125023473266,9.921647329200036,6.824130155412438,2.105836707455362,3.3163432363750975,3.367899030178407,-2.287589863124497,2.0854479294019805,2.998925176682449,7.941277252373287,-4.511064225983381,2.8634346682687095,-0.13965548741305112,7.118498313789768,8.436766925818665,-0.8297708523610137,3.665970441092734,3.2403194763932825,-5.738535560051222,4.921080330688167,-0.9026843536097925,4.1968447266625555,0.8301218119199271,-0.005714278482367718,-0.278473827407944
0.21853501957093902,12.013131188978452,2.8892454715023987,9.822787687456447,-3.561494420842687,2.1198241456075984,8.822160772167424,1.0516489784384047,2.855372018294662,7.441845750128088,3.30343467266373,-0.6775960784158485,7.94994935523906,-1.1494967926160131,7.984697946961053,5.815099773078256,3.964359762588856,-5.018322659751493,2.828767958820232,7.015459820227759,9.429772408093738,2.5568140083773803,15.06789836599,4.032434813943975,7.177863246779069,7.200037038087713,-0.7683746085960308,8.487507872610653,0.7500171736554363,2.4191009033029465,2.0977869298404164,2.055732286993053,5.250075383047423,5.062836020587252,1.0047332968445288,4.351304667159488,0.18580155813953744,1.4064159375378082,0.37761958990555605,5.138840643418698,6.808605461204639,0.5485235397090215,3.1815884203934712,3.79319416709538,3.2134675394716607,-2.537413655319025,-7.723183198847877,2.95385025272828,4.867769401265321,8.547790453696637,-5.261438540927999,-2.4116215281819833,4.517846741018485,1.2998897557937659,-7.215986178304005,8.468796069630653,7.26658672355866,-7.666371273272652,-6.9169387471405255,3.087039185056499,-2.4206998955561843,6.921933783786534,5.005795287642242,11.996466534352564,5.539892071293447,7.271376015189716,-1.7271748975692485,11.12523509432497,9.465344041492767,7.917745324043454,-0.07683055533910088,8.95297467337827,7.982295237410984,5.870084371336785,11.60235232834725,3.2321107204840973,9.942227871199202,5.948184069044965,4.176956173071062,3.2088349888212586,2.2699236779134244,-1.1157074832623088,2.3150257419527223,2.4706676778674748,7.621124080971773,-3.683953929085457,2.5397460926574387,-0.9566171671568018,7.004361423753273,9.186608279731837,-0.2510549213912757,2.4261251626096714,2.791093853376091,-6.501419569458851,5.675923602229678,-0.6494348241890003,3.0827131787831443,2.2007730058193475,2.224984846229345,-3.1861774359900235
1.5428876167828736,12.799526164724032,4.3446464100018245,9.606954608874508,-2.444128023874854,0.2622112680575497,10.458531000902251,0.9361797420708161,3.5752441355721487,5.942117680219976,0.8514912425514809,1.486654983913799,9.23881456307752,-3.116691283381922,7.097050385902261,5.956389021809551,4.989184271979891,-4.028358616526864,3.4256652351536983,5.8806668918027265,9.595805807843671,2.9601128946881166,15.186393279503225,5.815362313085814,7.276326394172641,8.446585275352943,-1.1174899037375638,9.374151748241442,-0.5509522302297319,3.2402766986065545,2.3103345503599972,3.9476402252144434,7.9983477698530185,5.212424687796257,-0.4350723798553282,6.067538809670631,-0.5893860393725802,1.7377004109718823,-0.38081415542345615,5.3313296866357485,7.302622618654639,0.359491297497692,2.8473048799458196,3.0992127656974873,4.00655999220135,-3.809823472064291,-9.8811012036087,3.8977721836425467,6.733305545716354,7.10442443892477,-4.416593138856436,-2.2935562729676167,6.4838438611896665,2.987444913508307,-6.951608482089338,9.103041497397298,8.834709571550084,-6.685028894161638,-5.701202542314212,2.3972304573087886,-2.497088861995105,6.741358409340498,3.1788523899557113,11.74726236892623,6.232516608830263,8.895597483986242,-1.9510017206808468,10.96569282548165,9.572652197089965,9.035108227852731,-0.13740146477484783,8.93273956261175,8.152500935024179,4.960874093401525,11.887697463418387,4.041428441951393,7.7800709603429485,7.00408509302662,4.176416647515871,2.3608043934927556,3.095135923661479,-1.2686162045500662,1.7539241170756013,3.2123217012481717,8.221951027608963,-2.0048822664772867,4.226178230238023,-2.665957242080026,7.407712305489181,8.897277079883503,-1.2670994252892611,4.924834865236528,3.888788801103643,-6.681061067334163,5.861070690474832,0.10833554689658664,3.2932474748383647,4.098653960598403,1.4924297229857282,-4.850308900767294
0.6576542037158992,11.985990672273303,3.6429101003090465,10.045783430695364,-2.654764372639919,-0.43025513226179124,11.170143482389811,2.052648795705885,3.369725807601443,3.7206936677987987,1.616795397557797,0.421335495234618,9.209301020633394,-2.49431389677242,7.570852890091246,5.064873786835092,6.510760889723103,-4.4541501991683585,4.2856094577213115,4.772981385282325,9.056789999760666,3.85419229086778,13.321942016146775,5.3031551390564795,6.6622415065306,7.7937561353953235,-0.853731184541551,9.411015827051779,-0.8433925667886302,1.6815148480654583,3.544215874420755,4.828286156639438,8.09894972698565,5.510680781062771,-0.11770656928826828,6.9433148408547956,1.3111183809358988,3.513162198232547,-0.13796230098863957,3.407536703730824,7.634601311499983,1.0225283521347215,2.866049490364003,4.587111087761745,4.803780936328229,-1.3721609770253247,-10.310630673839073,4.323989580420748,6.852574484644925,7.657947030144352,-4.174674092441425,-3.27771703568826,5.791210132404352,2.0389401690506306,-6.75040276175862,7.907189452236117,8.920392203498846,-6.565540262058555,-4.244605674120413,0.9194273497492447,-1.6511355717893073,6.867875668156652,2.030691908356208,13.098501290218344,5.239507720348868,8.944171163224688,0.230771814279211,10.550355379455175,10.626255103117566,9.50740911289637,0.880528904739247,6.962752471247654,8.3490084735216,7.240553606293746,11.879814953126779,6.809394831209277,5.668121059164804,8.876104806532911,6.722867323814221,2.4306065302979922,2.139986981224193,0.04427665999246888,1.2671995569869718,2.66539586346731,8.261084644759258,-1.8197664807781875,3.934546344655912,-2.7906782935975083,8.947604897326354,10.678845299228746,-1.4869775578137772,4.535376395399791,1.9052862050095412,-5.659571024551704,8.35020194413131,1.8275075678645751,3.901688033740463,3.4179039355974035,-0.11232524615940132,-3.951076191966595
2.2087837618385713,12.911987862753959,3.7113335026485528,10.713124442789018,-4.384272026502854,-1.0437417211641136,11.037958145602504,3.027189413342539,2.7989935341888814,3.4580265333112843,1.2664997692845825,0.10042003740862476,6.782556622882126,-1.772152890921971,8.10835266292494,3.091328411264441,7.298655458523946,-4.927530037499454,4.7800165987118906,5.415112272632406,9.620283610433612,2.941869740105954,12.6644636476887,4.831379839147895,6.742489459302665,7.603684191516921,-0.12246988341405296,9.358801981262845,-1.0284005303738117,2.0366013403879544,4.5006094672562815,5.431242592633763,8.881967816937994,4.432998095577963,-1.2741674874176998,6.863541879026201,1.534240537967336,4.123677622013364,0.08626386572102082,2.1010409889205217,6.080229108133099,1.2306725658945206,2.8991426768853645,4.264971606483813,3.715991421920682,-1.9913135547518124,-10.938128758081271,4.480955980654754,6.065771363434477,9.470722229078596,-2.9617813730119242,-4.924588603805871,5.748678800590762,2.3696696261493058,-9.197831278050886,8.266774542193616,9.315335797635068,-4.689078154392987,-4.684629100194668,0.34693696591025225,-3.4720029210875385,6.623789906559915,1.8449318183740513,12.135644767091073,3.8943582722408414,8.221723841419251,1.3696534472345268,10.595529403559587,12.046061098654459,9.387164362850559,2.0224963988605777,6.674708294427422,9.011375004885691,7.819985463703107,9.943702133682455,7.448436262239356,4.081181249178279,9.478771275426663,6.673351431857675,0.9194516795093144,1.9076494781836464,-0.06278347791158473,2.516657591302251,3.5754880425895923,8.068985906560695,-1.718897137090765,5.167419952146905,-2.4972904042431794,9.051273032823833,10.447162175458462,-1.3201421262189754,4.936349665026074,1.8434020500221093,-5.8813791428143345,8.140031315904908,2.1993421350065097,4.490672118913942,4.006894846946333,-1.2254159448115745,-4.256432825503709
1.106205392058557,12.093972040976128,2.5255619280891235,10.247352357610227,-3.3972924662440036,1.9418374688718556,11.983529649217662,3.422947948312834,3.8132289847695064,3.0335273680689685,0.8002202706749217,-1.47420128768014,7.192416612690295,0.3856159955993985,7.162066941460203,4.32650655299749,6.756233132249198,-3.9228609366065377,4.294298029344475,4.771308265584607,9.91784970546557,1.1724898538860449,13.35985225861592,5.6866763497639505,6.957219842994593,5.8534337240759475,-0.4729181810821784,10.587777543001122,-0.015797697309254177,2.5320321691731293,4.421183404242106,5.388398657777047,8.785404742091274,5.176511024317165,-0.6969628981482578,7.305701019547337,1.257602692731552,3.6055430098291663,0.1746948939569019,0.34118182052080237,6.119033355472453,1.0289739250032603,3.6607919831726363,2.2183605862129387,4.895660468933329,-1.935025909039728,-10.86129737634138,6.201325523569796,7.0009323953389275,9.385585117259502,-3.9647454436718474,-4.222147062597915,5.2122884351207865,2.6536381257909243,-9.549307650860035,10.382557846142777,8.258695087832878,-2.593925634710394,-4.851415668262065,-0.9822202316600516,-2.7024253528611095,5.530508323432413,1.9089373267533571,11.217107959287265,3.2774404290158694,7.112576085465,0.21651599152081058,10.915176047384392,12.155257776999909,7.955490850626185,2.5096472419361233,6.877302682033326,9.356809444468814,7.621135302113167,8.69562573888194,6.971770249961782,3.8933120511057315,9.375339194856958,6.331100127115305,-1.3695421182663272,1.5922382574478884,0.19592053067764686,2.9578072658690964,5.149385070853457,8.328215380449464,-0.6337194645495037,4.006894093357587,-3.108764323560034,9.617112013399865,11.264813134314657,-2.9900932210552025,4.931379629603821,2.0895553458562834,-3.508957209574972,6.489064460564004,1.6634411958743685,5.362434662932859,3.456933372110967,-1.7784652501793055,-4.141594829302175
1.0511886494963985,11.081006568806087,4.63085435116161,11.093006807535712,-3.968017630981403,2.7665083677858204,11.502724545571482,3.55512846752165,4.147013386146405,3.66518950071535,2.198520250079409,-1.5803135954131629,7.984042192081354,1.4516841767482054,8.076312139633892,5.639258228147286,6.034185924164405,-4.764184064331513,3.900947166684717,5.923944003874609,9.799187505740877,2.1208812003701363,12.762321815767903,6.913360304139153,5.414220864042508,6.854563803412804,0.24827341954268278,11.126467645191811,2.0442015754650065,3.15686596804935,4.354670404409212,5.841292990543655,10.266101290196346,4.655387208925928,-0.0935905478943917,8.5780220807852,3.367314143153871,2.872200163376331,-0.282176723944144,-0.2136162835587302,7.414057781439309,0.880083995983791,3.800941536272926,3.205553581556519,5.406857961978258,-2.225535864899178,-11.42978130207611,5.25455306768879,7.888794055340969,11.02397918027974,-5.5940280323843155,-4.301840212497195,5.055419024942685,0.17449153425081754,-9.932661694060137,8.856392884568457,7.9015829536201325,-3.781618655685267,-3.0703179082916368,-2.54398120236593,-1.251874729513127,4.151659653706496,1.349335825596964,11.125439987761853,2.5136485171223795,6.91803782287775,0.04338101696755925,10.291993169358786,11.550596009415516,7.542664849176921,1.5688493528212821,5.189358477177723,8.292197761657768,8.195993964107451,8.008700882215498,4.938052377908182,4.31566202364875,10.050473286177116,6.532668475627341,-3.7912524947239437,4.251048602319555,1.6747874700277838,0.23134577988894245,3.7821048186907835,7.321446199886275,0.5239151730501239,2.36169589880239,-2.373775310442768,11.324395564083598,10.548624103448063,-4.006010517753779,4.661235781958002,3.655947004988791,-2.7086770198165784,6.591760307671515,2.698097301832559,7.372649573635741,5.8978423091220735,-2.011218855514327,-3.8520443199777383
1.8649437214250466,10.734022598385572,5.862371658745812,12.38834486540759,-2.8996558058916997,2.183597693748271,11.872254465684442,5.008325942424844,5.421959361192475,4.502620659503504,1.9533871179298932,-1.4281384586576307,7.303289868523614,2.6664720507145248,6.929389863436355,4.421776627066392,8.425534163792195,-4.865709146135861,4.118428402606889,5.760850837590893,9.785684227047751,1.2854248631488454,12.84617668867319,8.40963620920053,5.174385681795134,7.825247185105161,-0.33355012737952205,12.134167261964137,2.890255865901282,2.084662220384476,4.519229536586353,6.290545417292888,10.030001678397808,5.594758001036659,-1.3608439408843664,9.337955850471518,1.9860614792476825,2.4773330646343514,1.7277978928827622,0.22777433794319912,7.938678166416871,1.291931230057262,4.559631382282067,2.0387662214373847,4.635394417886631,-2.2550287689004107,-10.179224706331155,6.215050179965587,8.926598603735545,11.815618578902042,-4.986666307934815,-5.623203115573685,4.128846878246213,0.733862313604126,-10.075251719409755,8.058232344952035,7.619687703430763,-2.399398612346842,-2.601457963542341,-2.86949379240775,-0.6302851991715019,4.64928565303794,0.9234554475720806,12.3719787637141,1.9581521535694697,6.366965412625024,-0.6977314274177495,10.664745158788548,12.598848710606926,7.184629957195106,1.3632820578774105,5.511968582955666,9.807372068996038,10.720695644488941,9.608986333515572,4.72959180351545,5.456945217100324,10.063179308880573,7.280504641388321,-4.867451690986957,3.23678651876601,2.736158970001936,0.15886340327577123,2.3156061281023446,7.495616911898999,0.6647717424079016,2.5260970383970296,-2.3444679637262373,10.75342096616627,10.140610190561897,-2.358362463997233,4.590079183953503,3.808797808561562,-0.31844745474248315,8.060975985721814,2.111552968033046,8.1129445285018,4.547177595314162,-2.1355738470623167,-2.801041461079751
2.068741708095281,12.231626408162807,4.454781559452066,10.678484140536042,-1.2357482870115684,2.074084020250068,13.824725825640675,6.163003508381429,5.577624662304807,5.196323895545224,2.71442831879386,-3.6050216573178084,8.450920559747127,2.316865582115231,6.320569829509585,5.2100097331414235,7.250831852438781,-5.33442472356004,4.834129746292723,5.749968388572488,9.284287600149225,2.7770514664896266,12.89268160236707,7.720019048089515,5.7657822005435815,9.197498247271017,-0.08253138141389943,11.821997871411472,3.517274344051244,0.973243027451711,5.824674707085203,6.931673757557857,10.250287841995977,5.83876175703455,-1.334782173699454,9.413736669938713,1.3640483289950218,2.383232620746583,0.725636022040558,1.2207145451279877,8.757128722188629,-0.06928584820024786,5.523855736918255,2.0087480053786737,2.8459745074261757,-4.521789140000768,-8.691602633808214,6.1724806755808395,8.681575753817311,10.621593884301578,-5.160200397921872,-5.800904427415906,3.083599960890967,1.9723507090342332,-12.143288194729013,8.908709305237037,7.41417603979818,-1.2879919908407993,-2.047874417105914,-3.561785815655197,0.004644805401447849,3.812288552858842,0.8615338044244857,13.145397239661953,2.8957004519672287,6.899838214232121,-0.3399457205388121,10.994452780189356,11.889730479960871,8.838891573894909,0.3577026217197228,5.625377034116767,9.193522261157046,10.090636005235677,9.51201541429613,3.796613326294363,5.850579833726111,9.385824592691788,7.185206327073463,-3.48358507581454,3.0702582079799376,2.5058175768937003,-0.3998037236014814,3.4691875350740293,6.878094860090029,1.110318125643282,2.6029723351863034,-3.1058923848461033,11.414873293945822,11.114901569892,-2.6547773945547966,4.076368206274999,4.044444750386629,-1.6521557614456237,9.523678341778822,-0.07359301618024805,8.943263363732061,5.1666175139025095,-2.8849548755772165,-2.3824511396051973
3.134759984687439,10.994500017990106,6.14845980319179,10.170246139560911,-1.3136812080922056,3.148394308344759,13.308694999732769,8.492594366994005,6.288946992897632,6.5919540691104,1.5897272040996209,-4.331520157367361,8.148152368229617,1.637246411110625,6.156943815597159,4.955280311002647,6.26893558701665,-3.1573282549759187,4.195639661058599,3.7139286206524478,8.032471156071773,4.216305005423836,13.541012093218512,7.995620138867709,5.893701298655187,8.911969933147086,-0.415164198863002,11.070916826871136,3.8687916724931095,0.752461039306501,4.870720644713856,7.766224655532916,10.971074676388305,5.66224603389724,-1.3865984955841202,10.444674924548444,1.4026218342217556,3.212606247395307,-0.20017908014377306,2.4432774424737786,9.075614358091062,-0.48923978883517566,4.6436241673597145,2.182497532083585,1.3434574132764703,-4.4786229935952795,-7.423354835915474,7.410857040769298,8.261946676781468,11.270067967704565,-5.937757537848662,-4.494672229826511,2.996590091168421,0.6325013139811666,-12.139993972817395,8.057416671809865,7.423298174913238,0.32064774937331064,-1.8075788493352882,-4.4971795189078305,1.3800383109455847,3.8139862742249573,1.094720478437787,11.433761127302853,1.6685059120700139,7.397035981869976,-0.355132248999548,9.360889249437871,12.033074580843916,7.007660528850481,1.0611613122431165,5.97070725096851,7.904551808600079,11.473098000341745,9.223715581215727,2.221874254713316,3.705773940461647,8.711613459864632,8.002639746819204,-1.5417370554115506,3.365024896060217,2.8950796373794514,-1.0197952915116333,1.6911568530633216,5.988879466080886,0.34333968758641553,1.0881450871873728,-3.3092302114236336,12.54962720015841,8.645821775032982,-1.081020169516047,4.985385398965327,5.418874342825072,0.7695615668289768,10.61035314597794,-0.06583699979255553,9.36043279495302,5.233639544343769,-2.280805736513004,-1.7810775272857384
5.1642058324443685,12.734414595899004,5.946798407320275,11.723818744569593,-0.7274607134815904,0.13240043704446736,13.474575727346119,9.036182504480045,7.051016964549623,9.060325971797846,2.1502732325196883,-3.7336977142204333,6.72494711720978,2.3068079525459866,5.180579960857616,6.631217030172391,7.124270071566069,-2.4765425396729728,4.930694346910032,2.5914596155183656,7.048309205453632,3.37915864072746,14.36376754634113,7.502128770311189,4.731698655526019,9.73185971143795,0.8738440299162755,9.23103575868275,3.605038687190744,0.23364110686248662,6.824104101515424,7.896723160886077,10.00167193860548,6.32332563886559,-1.0356400649025574,9.066615047434023,1.652204073829984,1.1872139205849597,-0.51723976620462,2.050596890212639,8.726802409055201,-0.7848760288693417,5.558243232036192,1.7112673620558754,1.8574934984901414,-3.9515379315366728,-6.236977314631453,6.962680707856366,8.034111621300621,11.938476834914157,-3.54066717041694,-5.821191699196382,3.7172889322140623,1.3642941869276834,-12.445004504298735,8.760828774746406,5.6864477250332435,0.45547514827206165,-0.69345147900958,-5.693873387485413,3.2244494875720227,2.700645973790291,1.2570343835587794,10.019197152070863,1.45945573461915,7.328846052590788,-2.960418356564689,8.248032159281935,11.796174321837103,6.118701201788781,-0.7477391569613177,5.657468977699368,7.0487581959474745,10.501447885371373,8.965179769477345,3.6194232390559833,2.036693298521147,8.775281107084249,9.28199952764205,-0.41210937242153123,3.8777383638926493,1.9706872431892193,-1.8333739028169564,1.0332064438460216,5.893987235945381,-0.72815190148487,1.9876172751319217,-3.5395798002121377,12.491412646501443,7.445560317500211,-0.39333550843901,6.368937366564226,3.1765609584141594,0.9572549372632113,12.436619152338542,0.4165601363746483,7.357338668708522,4.584484372366587,-3.5568084072167108,-1.686324854225201
4.962454909271188,13.08160158099497,5.995919913321817,11.466616450566274,-0.2450429791297027,1.6584943268338312,14.316051354553409,8.562526357910562,6.547437435302777,8.39722547759084,1.5903413663794281,-5.250643212210582,6.295256366073375,2.833594438817188,5.837783138119651,7.22684248888433,5.859337051700368,-1.6002082525481167,5.540620377865851,1.8240780927229916,6.763900587754088,4.111997003461259,13.17084505932194,6.311090001674774,6.819035205794857,9.065065929934585,1.1900450560385836,8.928685577939445,4.991154423452653,-0.9814759031648206,5.082815329238878,6.536882674997912,10.209840851298184,6.148553768642897,-2.3598272193858163,9.168268341452977,2.4166155391715383,2.282237448773008,-1.4119273216600905,2.2951673445265075,8.974505966887575,1.2500143242675033,7.298404709513935,-0.050943180994450055,0.9904976859286718,-1.907635046688024,-6.037526383693091,6.395443529481804,7.56760233572968,12.727909067981066,-1.896010385609451,-5.533530420087253,3.288092632131507,2.2018697759076336,-11.848451351974829,8.600400257156354,4.555070278936591,-0.38539807613116334,-0.11687262054126302,-7.5592896771306135,4.123477026685167,3.185927964158221,1.4457171440750054,10.687513685899862,2.474383495464057,6.372555706702498,-0.6941630912882797,8.785235776555371,11.787272638283822,5.000150662560769,-1.0406381421827202,5.631757828419566,7.308849085707595,9.091854233005161,7.727005418113235,4.763155505548532,2.3590718964084747,9.035458117574919,7.927350603429142,-1.0686676155738861,4.37971143693838,0.8895771950427509,-0.7188377378014832,1.547502126078098,6.666190388418722,-0.5991011762779308,1.989417782437246,-5.955474054183474,12.956472659888224,7.454119663785604,-1.4774827784877609,5.8494392526470635,2.7124064182821312,0.3045533779224907,10.559935122506548,-0.09587622292892117,6.978700741494746,5.7278117343927475,-3.1691610863420347,-2.3632135932697995
5.897395700189976,13.41835086124733,7.577860979229632,10.602650825479286,-0.5308186930132348,2.772340291598616,12.160548726000869,6.989058682232705,7.1194260219621865,7.935038872417702,0.7935979033991966,-3.9295544103369204,6.21148476695272,2.6863337742809166,5.657466404921247,6.113398484927182,6.387345253088236,-1.5807353571903038,6.998200499304922,1.073515973667666,6.927573867649616,5.592355795265555,11.93835981652181,6.878958433972627,6.013478640510726,9.835219772399773,0.2347656212454876,9.578098677495541,6.198067618688532,-1.3986915745673079,4.571787723598593,5.222731134069532,9.097554451708191,6.480839812300951,-0.6716186337407843,11.140728432305362,0.4435647544593213,3.495690297615412,-3.2036635943082072,3.311745783796557,9.214511259273614,2.3977682336922035,9.301735406626324,0.658531616203037,0.9099031768278736,-0.4534445876047568,-7.53604245314936,6.210215098003213,5.464407673994123,11.597998846562295,-2.4849366197709584,-5.863196722692538,3.081891247252946,2.135935431249539,-11.463997747801333,9.605791726087737,4.590296946573223,0.7515151274380623,0.2609619428639783,-8.561493416253178,4.321019087343976,4.293468268600946,-0.5997470438671906,11.024988842328256,2.6841320311355616,5.656180208110743,0.9322748978136226,8.11559365195979,12.130588956852995,4.981103295535701,0.6729684802134934,4.162054205728981,7.406378735865794,8.228022075440649,8.611807742167983,4.989851208157612,2.703123388994748,6.715562423094605,6.812675975573702,-2.886469915829319,5.494232524333163,1.3772647083386584,-0.42287135874018916,-0.026559391666660215,5.800744768822849,1.4100887755733116,1.6622095290898806,-5.5602382735995235,14.101683763811153,5.844256680396166,-0.4699140322347326,6.528486687648739,3.753446570647175,0.5842316767851177,11.136174121106071,1.052912859918583,7.4664246592447645,5.317917469171849,-3.307840852625556,-0.6356630457653505
4.673736236148262,14.502385905239857,8.041144679911447,11.029634846282327,0.09150697269971331,2.9236328407743235,12.05326689048453,6.984236370938767,7.07009787545202,8.614403639641704,-1.2269818602184994,-3.7264367954565216,4.338804979831047,3.685342268611729,5.092924919006003,6.590463517931334,5.3166550127423395,-0.4742891936000124,5.6253027661157144,1.073356923225905,5.155764702650162,4.72601021444972,9.958375927561562,6.731989780778642,5.580650083421703,8.24630131956708,1.4965717848206954,10.051304404704355,6.171968479908327,-1.3187800874282487,5.210107853563803,6.601554877098031,9.576360755493468,8.578049879085214,-0.20239890494703677,10.893019696347746,1.1594461398948335,4.923398065090904,-1.3704577637534596,3.1409327885806104,7.815816887007822,4.2876261461409735,9.437513774638932,1.1543132735467625,0.838775718014171,0.9946238213171723,-7.034792247373072,7.683325749373705,6.64189530393052,11.000586826167535,-1.6126441010194021,-4.8715128914744525,0.8392324218990401,3.9808423554319576,-10.847613414440632,7.616259865676691,5.81488946264819,1.027028322515016,0.5768324416577997,-11.820304559430452,4.049784036891771,4.193756676839843,-1.1799593384325167,11.736355361340733,2.8243730192218863,6.2104603399743645,1.9931855789433288,8.901566026560614,11.11494016166112,4.952973072397206,0.8237891967612632,5.564566788954355,6.694981875211071,8.806202152314082,8.153756224349957,4.532937808410245,2.6917906163614167,9.277756701986162,7.348730006215249,-3.2994996182249334,5.876250144992315,-1.9193930344298933,0.007039078257362108,-0.9813315972496743,5.142238476229422,1.9093888936075498,2.5366085439234496,-3.445586991089378,16.275066885785517,9.109975442112116,-0.7870871147524616,6.782702564667363,5.191420334705265,1.3140541838490594,11.467473115594949,1.7730141513537725,8.072667232896684,5.234126382074979,-2.385300978816014,-0.402722735503115
4.033932777554175,13.646835254353643,7.78673496864597,11.257746198512642,1.527142462915346,2.8027802625519933,11.493407264071612,4.529875851988578,6.560948462818284,8.4877101770809,-0.9681339987406717,-3.4070663903858205,4.252830416466398,3.2723853020310374,4.6322121797344264,6.8177132908093165,5.800591328790825,0.6862075628187272,4.485270735677296,1.875135772187164,5.203264166801609,3.6737271462574936,10.019734363199293,8.947719349091214,6.672654535436528,8.509131320379257,1.7192318778189681,10.27829128071705,6.655614146596063,-0.9330738054219073,6.393688804911143,6.483967264397148,11.256802576643409,5.876896332870129,-0.6069873756991988,10.312207584218957,-0.036333164222859704,4.404278976310189,-2.583616315570765,2.1028698925589926,7.4561074393404265,4.062964131756794,7.152617489545346,0.4033366680280519,-0.11244822609931227,2.509531853496898,-7.559629768584471,7.371357509050155,8.140984544272984,12.789053636023981,-0.4635935361216752,-5.102105374476906,2.580797076946724,2.3795370426548823,-9.211409613556832,7.403649447029866,4.173118417254042,1.5694099699781792,0.8006391758487108,-13.935905046873462,5.118838029362757,5.062098189641109,-2.516730556602962,9.758524982458852,1.0326028383308241,6.185716706288862,-0.2057284738101095,9.272325761417058,12.707415557089936,7.190322664222091,1.3497665008478172,4.753728116631027,6.7595021701438744,8.48807269643772,7.787007305597136,5.297048317855839,1.9963123269957288,9.277153198312302,7.489280859322705,-4.556789691088141,4.6276292930267635,-2.9499555722498103,-0.3723328166596087,-0.11097442775300914,4.732989960491888,1.3340481962631041,2.2314594283015188,-3.5580174818967243,16.637177306536458,8.537634197995216,0.2540970655930752,7.333104365337641,4.038863072312333,0.9350005276195505,13.295831347196568,0.7286186575335571,8.192510919775595,4.438342474358904,-3.348395220638394,-1.2264338615845043
4.830909885116417,12.657376990602137,7.658563411465317,10.930550652136676,1.2879253266078026,3.206473859540954,12.339129647331376,3.6766077661941834,5.480137470284939,8.804904632677601,-0.5425008840808503,-5.093873033736858,3.3413605294432687,2.307986957908489,6.675949944971771,7.757438808933769,6.91907812741815,1.2806420004094552,4.978384388934371,2.962881267854842,4.871760516196243,3.5779881987507323,9.709033143328096,9.013294340337767,5.987218557413464,6.986324184506256,1.3029846819010413,9.198522135698713,6.769042439624097,-1.1796441251418766,7.809063548595388,6.465977079889614,10.7487819338134,7.198452511388741,-1.0723930335364371,10.789318267572785,0.7054210160965914,4.157697736067896,-2.2308653677478074,1.9779624504463644,9.245926114269459,4.480899641459269,6.487404100864652,1.2593276076063589,1.766820013043872,2.4339888729611325,-6.485395829237883,8.5205291759872,8.559394560640671,14.01658093981011,2.2237624614992866,-5.654010757750172,1.1301244115708025,2.3409423077973015,-10.445314693037265,9.319041287636276,5.825558932475467,1.7905537666589983,1.0216936774988792,-14.269546936110261,6.847118954925789,4.655520655085497,-2.695587375146827,10.30428378582331,0.3350876109409252,5.090657883208873,-0.8741941276688594,11.592891027622713,13.169659784639427,6.915029851532698,1.082995276978783,3.8999957691680693,6.17448250159037,9.001838346701971,7.6139984465666775,4.85522775771364,3.279087394097257,7.842576181854975,7.849919526470114,-4.782316761867178,5.562363227468164,-3.507643400585821,-0.10472464886157479,1.3222936967228454,4.441402847540795,1.7080470949501223,2.32425787074033,-4.328058872287019,16.894933587840253,8.30856598416077,0.8565836866756651,6.963258282287106,5.599277870787196,2.196188092387148,12.563574992789885,0.7299687042026151,9.00647374950606,5.688478634940717,-3.723956157803257,-1.3118027397550935
5.6176597867523785,12.049424615599326,7.501454476462541,10.859020084221372,1.5476893944308587,3.3366758323128005,13.027431818588804,4.248666674646272,6.408164083461217,8.465402247257034,-1.1444381227637366,-5.947816432017922,3.478994215753393,2.3792298170991493,4.989903031303308,7.345555526068542,7.034076399022795,2.0370406863173915,6.64495180600495,1.5815135401229337,4.702282320469526,4.276300466759172,9.482503726955551,8.97604264492839,5.405438024625689,7.166850513472381,2.7859724250324356,8.183800131577238,6.431691318953973,-1.5644047357300188,7.5712568187671,6.118618765231366,11.380892362067591,7.710867132611401,-0.643920423930008,11.55478882718517,0.6204395650540211,4.270137328861587,-2.143461147273323,3.4986893231050145,8.854478238214758,2.855131453836812,4.9991657735254424,1.307691315336419,2.8731252133498812,1.7270289496893136,-8.934468813492298,7.574457550519418,8.939580767971131,13.123776654206639,2.845995840363601,-5.665994607090854,-0.036515801413124604,3.220993213730685,-9.195677293844904,9.488891794921873,5.4033527611226555,3.5871396311200394,0.9778113693983045,-13.320069569751553,7.656182751824067,5.092734003774676,-0.9691994463334797,9.287699820152481,-0.5944592405179481,6.834867389564776,-1.008518030806212,11.972263284653184,12.66366190285081,8.535804161469976,0.4508759828373208,3.5835977416492235,6.902874450116011,8.504833987375156,8.171955684387738,5.482908012256613,4.621489418592628,7.95857532141963,7.035450624382123,-4.68839606032566,5.9331274671867,-6.3558992322512875,-0.9900763310669929,0.8780929242854311,4.454416002157409,1.3058209919913546,2.095573782672067,-4.378366585635544,19.412065393684067,10.252504209311553,0.9210539952929916,7.400969997381416,5.879128781643499,3.5126301765348327,12.172446709271039,0.6058736973959878,7.4770698519962835,5.837112451217116,-4.157879524801862,0.3459879801730661
6.85259312605624,10.877978703674124,7.319801269693076,9.744029240996895,1.708280567338981,3.004562611823382,14.56482546717146,3.7615963065428315,6.861651191262639,6.761178360978778,-1.9348225381998425,-2.0217820090337746,5.170554948014831,1.1270822496547461,4.37430243575307,6.911957163838577,6.766880303985897,2.8146029853483663,5.443344412183781,1.4283419529479668,5.7403772513989875,4.873039118010465,8.351358445029009,9.703860665526351,5.043530695062242,7.242936787497027,0.5382310184631107,5.750990805544782,7.1064410433936,-2.244733763802599,6.817990173062868,4.675285697963674,9.715325079216667,7.986243910824498,-1.2208364356386818,10.915673847845937,0.5281549398132067,4.798093949259268,-0.8442195412364613,2.8705537695718952,7.472008537193688,2.535299942045272,4.68149271607324,1.8200727711761742,1.4640983269376058,2.254958345660987,-6.957200954876108,9.004027029010148,8.826279438398654,13.037285448603075,0.3581312845107396,-4.211324907623739,-0.8518980119027451,3.7587378069076935,-7.470051674863789,9.588113795348887,5.051559550503417,2.9038774184748757,-0.08355925935963737,-13.485276962807973,7.8094223064206565,5.486454839045537,-0.6861254210547887,8.978181381309263,-1.2246636111053943,7.4682982221554814,-3.8605452564558,11.156232280056429,12.190292769961545,8.01390447443723,0.722749183427389,4.40978659545406,6.855971535246157,8.1558560486395,7.19465674343732,5.860388255114956,3.1359652266181826,6.6436809751072525,5.067153497074479,-4.884044825989192,6.176561352239984,-6.643189936841308,-0.9358006275597969,0.12629113801277592,3.3834735692513203,2.0810625821016653,3.7785867406891605,-4.295729283007193,20.51615768437106,12.06382141000285,-1.773777912083327,7.0765045766903105,4.16199180747993,5.051750673790649,10.953129338699647,1.714100896509939,7.248245100814322,6.862420662246115,-3.8842084068407576,1.1415271699589387
6.685012064423846,9.639347266074086,7.624209147363524,8.074007280961261,0.4180274087900653,4.105894086280853,15.61900770220463,2.0123430334174786,5.352202039300954,5.166855901823647,-1.0007719874212966,-2.219716050105775,5.358694753647348,0.9832758354890823,4.986828828516449,7.535113141494782,6.660556843966095,3.9279387237732806,4.854449188894198,1.619692170721922,4.5765646610746975,5.2861421997903335,8.511331768150637,10.04691450110874,4.113162099587107,7.01503007578281,2.0021768701183538,6.670787035489773,8.580048263511033,-2.494932925152642,6.705069323631199,4.112774438577405,9.793751316969516,7.754076114448545,-1.2180792155194524,10.670394106160504,0.6081504522564007,5.849437946596862,-2.1683703118933932,2.0052018400503435,5.5382367576151585,1.9063813186951375,5.521584366053268,2.1849421733239343,0.5253900103705741,3.610486807228256,-6.549017195092767,9.396321506562128,8.373447116378605,13.315548095057762,-0.30238724662945904,-4.6702983829287845,-1.7942375427724042,3.2439699278618477,-7.2415438439920505,9.61361344074435,4.074277116315009,1.7681223521452725,-0.6697191155656298,-12.468239557448276,7.221162192032547,5.653682093649664,0.20488666659226473,9.154591644938245,-2.027945928175673,8.401272368266497,-4.64719637760103,13.185899961159993,12.721071268850684,6.739815102461309,0.2784169444349204,5.414105452141979,7.6900139631506645,8.17338945522876,6.933074671524751,6.323402673524372,3.0320680734103385,5.748333689106588,4.581989807422061,-5.181080565057384,5.946927104828389,-5.696816907696678,0.049196967525978574,-0.9901837971249908,2.9239958522466782,3.2649267161124906,4.078345382637936,-2.8976255984928247,20.07612788073695,12.656774292504522,-3.5248568396825073,8.42311768953022,4.7500658491693315,4.908732025504712,10.58800140774875,1.353208125606541,7.416777804518545,7.418902205901415,-3.4943237311179165,2.589173619780679
7.278859010532946,8.634002559284472,6.498876847158871,9.559594504135793,0.0002998859221785555,4.993199397643588,14.843984601395427,2.1173886065160543,5.893873109435662,4.150653940622412,-0.1720456349833166,-3.760554168757781,5.085907533790294,1.724255555885195,5.186950684436838,6.017922756597219,6.686724577801442,3.9476821346442517,5.690818089861284,2.1020634731194545,4.044403921735243,6.659174657220273,9.385717561340979,10.653274392110308,3.9251736872474385,8.164146641392616,1.8837365767978769,5.857218720140607,6.998673444179618,-2.4697442628151944,8.467837869576824,1.7880761962424625,10.092598377931193,8.193471060386619,-3.562351066976642,10.489251200575708,0.1841350343244773,6.7475782658650605,-1.3510181879730985,3.571515041866622,6.53342023102964,0.4753178658630448,6.848566739788158,3.1192524809183815,1.7735137538172716,0.48545702741359253,-4.620296524422978,9.47488631824317,7.874003194577837,12.074424654024122,-0.6894354495191239,-3.8282878560350126,-2.417138189575947,3.215609914910325,-5.9746970242174555,10.049976138132392,3.7001542685462443,1.8958899359336316,-0.06714775899737391,-10.213553423173408,7.64625114130245,6.178776345579378,3.3684335979123023,9.846817753555275,-0.7771575206233494,8.680854262900466,-4.394620495742716,12.334544153976568,12.469761114355505,6.051478023072368,-0.16950455334783027,3.972340666407943,6.850956953554918,7.930992665321727,5.81216665704226,6.093362751925797,2.3224408040152302,6.112775897809328,4.372453484061518,-4.815431280499044,6.854920452508554,-5.21362202288753,-0.967770562439319,-0.7313119287059064,1.9115914559856795,4.305054480788796,5.032764142916042,-3.8746006210540482,20.835049629403716,12.1572517144262,-2.632015307329911,9.176246804198684,4.807577649576583,5.110025820621647,8.79758832024763,2.7106994711302326,8.156804622363879,6.338509307427612,-3.804890812503256,2.8479568764109375
9.212218401458337,8.260420402472418,6.357027660552751,10.276302148787677,-0.8013701001419967,4.843793959954961,13.058722514511054,0.8366491693143856,5.455894156676254,5.209115956932806,0.47068331140928843,-2.0684834098283096,3.9897730931637136,0.3530327410975498,6.210450833321939,4.820116208007484,7.754893028404878,3.187642065775469,6.020560183158594,0.3733408630277246,3.8859691831072842,7.6228446484217045,9.149410330619355,11.39669533749998,3.4918385195487813,8.131966398528146,4.407678831846049,5.747071156271976,6.620494648279939,-2.4082068655747872,9.903673189659777,3.4839067382107256,12.043301004720284,8.448112744587764,-5.482640381801035,9.54177567205675,0.1899661945794874,7.404816230838527,0.5534466209164624,3.6833586086944727,7.480561583441504,-1.7489174424724654,6.575378239548547,3.790116082801316,1.7149883603020641,-1.2541374103975764,-6.366280871198494,9.180675082617114,7.833915924754935,11.771572613775502,-3.1936109434002624,-3.6237691633778137,-2.632650980663061,4.030844549998388,-6.4437748124447936,12.804376512820618,6.084812006847015,4.581373199966611,2.1188639631091233,-9.060132110186588,6.32623740301529,6.508715674151884,2.964946615835025,11.99262012514759,-1.6329659944543309,9.272912053675151,-4.604016060729188,13.276859302091973,11.210807149756151,7.460298148321727,-1.3106444647239484,5.076883369694069,7.979524181799911,7.563835135533331,5.864062024902076,7.296587699343493,2.955544686737455,5.693198412198826,3.356194255306665,-3.4274031822516156,7.49610522272414,-3.813789710845753,-0.8124514286942444,-1.229579286817049,1.3568547410149812,4.945490159301721,5.424485756685667,-6.533366679064271,20.767934590326796,11.692405220389556,-2.7567170033201727,8.277668181636917,5.933064212988302,5.695421969628082,7.834745067496438,3.458716431199477,8.082863584160693,6.096638420115724,-2.74819747799285,2.4244401343565913
9.162393147953667,7.219582560403719,6.266126802484098,12.023211593549613,-1.0854333119617325,6.0065218642774685,11.798126180692968,0.313958672835593,6.000629883615124,3.8875755030027803,0.001018737529521918,-1.294664930797448,3.158537373313679,0.8898973217187764,6.692341862182154,5.256350202296151,7.9628837100757925,1.861616822204061,6.48616790774965,1.0704208357601803,3.865353179437337,6.477743264301759,8.820950521713058,10.491082249236841,4.12486758995086,7.847295639470268,5.256148744278648,5.509929118275257,8.662193589593306,-2.3886067209911483,9.037135682644763,3.497658555264394,12.76495395182788,7.7376576135592225,-5.407009090434356,9.78341688531587,0.16219730701665935,7.905632853401589,-0.6384150725776063,2.415647304200935,4.130569249139871,-1.8834143599457,6.446907138838739,4.131422899419707,0.16495350216943017,-2.0510892324004404,-5.90628673604259,9.92778710980766,9.622661771962115,11.396066041136947,-4.59710305834283,-3.6897010587062553,-3.99501436294665,5.070548298966506,-5.82648257338391,13.960940763799252,5.945158712130598,3.5872129415814045,2.9923643100102666,-7.02139253321532,6.356642263515064,6.3610605577965345,3.678704998951777,13.371398436636824,-0.2813448114353534,8.58805422727744,-5.73074190001577,12.447220827827513,7.701727701109839,8.39995129976278,-2.561151304078158,2.619552612560784,7.8657116456274965,5.379732592661069,5.5955921072959445,7.615834114881794,2.6847539398876537,6.6945431638299056,2.4044842601644065,-2.9564923305442914,6.059031997090762,-3.055790938718166,-2.4621828345167707,-1.638675324370468,1.4853536987350997,3.2445321730856675,3.610440562831421,-7.789304446981081,19.897867472930436,11.856748637521035,-2.063799600921077,9.693980111854632,5.529782844758753,5.219796112377015,7.631218924563799,1.4964647769204653,7.779574040211019,5.070261268934664,-4.182045805743783,3.439814557392072
9.404261952846799,6.791884692291209,6.031479538850859,12.159900596213301,-2.3695701367953967,5.208315743387885,12.080071188948729,-0.3282458145126792,6.463219918771994,4.87295360896998,-0.9298298062081667,-2.146670625618645,3.1205883809132056,0.16657114102956116,6.515545664219786,5.098947532741124,8.338641903151121,1.8441945919558496,6.455999057592982,0.024636997698604945,4.269574447505164,6.3734490376210475,9.660282459374452,10.136191038842872,5.33128655357442,7.180584115554702,6.3161510821173446,4.774408605822787,9.387157886931028,-1.855938315225587,8.571025309064897,3.072666822399974,15.424199874712864,5.4162666217905056,-5.450077114730095,7.083677296578933,-1.421681552408146,9.740058099892103,-0.5390375141515604,2.6661614184363405,5.052739355751205,-1.8897404556435666,5.88837296736922,4.946930878378599,1.4149389575780038,-2.903053511097383,-7.179944487720841,9.523167908399353,9.206268157225677,9.785248970035813,-3.951407719318055,-3.089110394290061,-3.002127911093199,5.895991343620892,-5.894757080765783,13.714485189562538,5.027435897136016,4.963286908846842,4.0075869334928855,-7.284321226315053,6.453166570373555,5.49757940719988,1.868369925596741,11.029125760986648,-0.08401115727705105,9.261090136381156,-5.857738327856207,11.403612802898929,8.133693702530548,9.658137363179925,0.6553751535315833,1.3640339315657415,8.799614856322705,5.048462981953366,6.765091357651917,6.7636400225722495,3.436438585193603,7.1569888940807145,2.6766628489683972,-3.891864394775626,5.846307395170477,-2.8594783716652423,-2.97451551943569,-3.7627752315090963,2.125496419003553,3.431518500314582,1.3536320504554853,-6.61615770266822,18.3127000574944,10.461334579130247,-0.7335568810068689,9.44951420595255,6.653908130673881,4.5911438704302725,8.1128063587866,2.1359530302084604,7.264766173297898,6.393169337512291,-3.8064813018908916,4.226591831372938
8.251056191762638,6.568267772136075,5.366189644626041,11.770770376268443,-3.2581831105304864,5.816257825526,12.473229840468422,1.381939603367183,6.042581095442754,3.7663867249641507,0.5211409782420615,-1.6811046074919636,4.183108276591639,0.39215933206995346,5.838550999170621,6.730389929738777,6.460125150617338,1.5977645028830687,5.684761867687828,-0.34216098714855203,4.529343281328474,6.739224533524552,11.216581110186294,11.42157823708967,5.295822226609679,6.324849714364683,4.847276085671202,5.854427763597172,9.8225980126987,-0.8871937115906259,8.946578568118792,1.9324049087162474,13.777903363487686,5.637045476514209,-4.077773287505457,5.70777901789617,-0.5349462209156831,11.451235192413254,1.1096004937972432,1.5965079697149838,5.632732778150516,-1.9792008778689003,4.953410115373355,3.9210800974818705,1.2845074091007722,-3.531992732848343,-7.334371213470961,9.408230192184867,7.7018976572770335,10.354241073991748,-4.994884681126271,-1.8937602723640385,-3.739615274371127,5.881803631267939,-6.059582532599115,13.15215428365277,5.615497908063005,3.4765038350943174,4.577539006376293,-6.0294445586394305,8.061885956640372,6.577862855953727,1.7620476565208256,9.655289008010255,-1.3197775338052968,8.30319286814939,-7.207311150437542,11.49987190499136,7.472621137683598,9.035739857014761,0.17035822780093923,2.5906053475927715,8.600509451269572,4.278672415887937,7.150805240121552,6.349699235838295,1.9932204397423128,6.561437882939166,2.3694595031436974,-3.9406666907775434,4.617529628447283,-4.384841385952951,-4.092190185792925,-3.260649634370035,2.144011255775897,3.353521190249473,1.1564012195103461,-5.676009841230569,16.79771662970757,11.00394051765716,-0.7142235688036696,9.736815689542025,7.550511301547341,5.7704286964502485,8.14706930595571,1.611795311310609,6.883185275396478,6.76174347710589,-3.2632001332648954,2.9382567479868333
8.544763852587,6.9710272036116905,6.633258466830849,12.261627199991695,-3.0470036662930755,7.433511129596376,12.024695984918292,0.13229327374969113,6.5697135931592126,4.090932728931296,-0.3729932081553712,-1.0586437441910448,3.4787916256812275,-0.20494555051157026,6.68244493872206,8.18925177711799,6.226889295075963,2.599740850991658,5.673789032797819,-0.5616666297336089,3.960409045931442,6.444928160523993,9.493812896133559,13.031657251469284,5.802268065199188,5.758409360709207,7.339826918748022,5.360250388087917,9.53061978556968,-1.5421491598808985,8.527528253378817,0.49915631255987547,14.020531419329131,3.346145364561413,-3.8496525142791147,4.974058920257117,-0.30737807449586907,10.861301316421958,0.8751277018858714,0.32130857434091387,6.621670952961782,-1.0859259130446428,4.886956354512577,5.606481075428669,2.83100170650537,-2.2139594502163167,-8.085220402307716,9.201391711658221,6.627272797383257,11.304694756562771,-4.818110914712123,-0.4690506153003089,-4.164762450018089,6.6846796623079765,-6.615873591692065,13.782792090569785,6.622506142216704,3.824234867373065,4.459970882134524,-5.591736286149985,8.891048041021202,5.74426447893342,2.392150652104186,7.594012645759147,-0.21251309522245143,7.806893909775458,-6.427672909416765,10.056498404409988,9.220509630583331,7.28916947526589,1.0813451893408323,1.6056005798109427,6.802057034964197,4.5403925648707775,6.959985554570418,5.017278631482794,0.28210725907883494,7.107092770207489,1.3031084252253597,-3.7733927595039836,4.914884217833258,-3.245908087526124,-2.697262709035166,-1.9231521236151923,1.450319893322022,3.954559302226505,2.2491668624620287,-5.810058387883191,19.05909348869841,12.02937301925261,0.8398358374324966,11.670168156718715,7.593816618592761,5.7620475031488,10.000362904531023,0.6269104075179142,6.635772236576202,7.676422877860507,-2.8101446764223215,4.748925464581685
7.415188196736436,7.604359047020927,6.68832130569728,11.981197066016957,-3.2375457664212175,6.296613752416633,13.680926995930943,-0.06733178625523303,7.028386685531044,3.4396919071373424,0.06861348259696243,-1.8277496300856935,4.348700777654475,1.4028033404243827,7.276466237483473,9.126117391432338,4.964360874777241,3.392425851551076,6.931628454332863,0.14401669789827898,1.9753418237137315,6.204595375016877,10.382306420703896,11.793974001357968,6.220840940593215,8.431706943380881,6.616793360527702,5.618878700855743,8.45585323974394,-2.1303976597952414,7.441566561672816,0.3805329548020991,15.799903620729795,2.8779353525220235,-3.0154268957303376,7.53732857983236,-1.086770186727525,10.112438360704962,0.07284594550166956,1.3603892085307774,6.391940591524656,-1.0696317274477165,4.23245050231002,5.875718514641436,2.5995312799440997,-0.932466240723377,-6.476762441764353,8.658077214066111,7.86518618426695,10.574731947229504,-4.109036821093014,0.36252805319641135,-4.622217784302307,6.100506904968927,-5.784351202721129,11.607597106442636,5.090578797873189,2.400138033401185,4.561232773601117,-6.7775894604854665,9.218211983831383,8.572631984198452,1.9204864824224488,7.315286555388895,-0.5380330792244765,8.647230442073218,-5.082435510557147,10.005209469013911,9.054430253789471,5.870480513626935,0.8981458292312717,2.2290288994501832,8.477903026118044,2.547497253708203,7.887945375260543,4.637938828536078,0.02446858203286295,5.508593026494096,0.658904148133146,-3.322413067809073,5.1803706903997515,-7.011862923065076,-1.5135823191059354,-1.4674471009808057,1.0711088878489878,3.712699921462205,1.9384111721444812,-6.942582210995021,17.98490852407078,11.369502252519057,0.367701173242926,9.844476201667058,6.438595048176955,6.350563614521298,11.010674550063815,0.7937533864338682,7.199983376448426,7.942038042637629,-3.898184599033022,3.1032572830599663
8.297777139391307,7.560444661949756,6.9246389195674505,11.69634750752043,-0.5652483447897487,5.890388256662583,14.860659535711731,0.39099665188920196,7.240661212692196,3.744872078646088,-1.1244060278343,-2.6404219798873414,6.2150912260443665,2.0045947432411513,6.918835618549576,8.826833204081897,4.856970397739503,2.620409600706303,6.843511392826678,1.1704755986406186,3.943521778773464,4.539771535052566,8.604254281822168,10.314954272681767,5.597891531166695,8.138698164202967,6.276571034512302,5.039015699563458,7.969562494044508,-2.0954144968240738,6.841016443411992,1.0455811168736422,16.715094366094476,1.6102933644402642,-2.451993074952305,6.817266899925942,-1.4298493259988172,8.224962709490672,0.38919929330184744,1.6761244665994508,6.2126770248980705,-0.4840060771136453,6.960633487346135,4.649353999551989,0.8252976270881227,-0.24492749746717746,-7.697268594522459,9.20917585024394,8.318801195539338,10.001135468737262,-4.755662667341954,-0.4128707751952947,-6.2853217340366925,5.049601673387655,-5.331793156626804,12.181213430492836,5.9732378091404215,2.3430727207459454,5.730950026217705,-6.344374961537429,7.369750529809732,8.650296136881398,2.6592072061000716,6.287071472168356,-1.1462448888155206,8.999688729705184,-4.7530504389716715,8.482386471044597,7.322662024015908,6.30760819159018,0.12441820323091535,3.0374157074417667,8.07528179739848,2.5401373585584386,8.870575383113064,4.7373345180691,0.7785976504046896,6.19228465199627,-0.11801200786713806,-2.6587899860688387,5.383581108363961,-5.291588368334672,-1.5044868952000832,-1.597607557029762,1.0870809564302457,4.104362496188319,1.7415653547655299,-6.387283110708817,17.925293236284382,12.413089062691213,-0.43363950047880667,10.475131778734232,6.274124163131549,7.068312171764543,10.478625723042754,2.9362758240416147,6.856322672581476,8.628114697514606,-4.2802209685466535,1.7054072509530793
8.433925545671022,7.723264986199642,6.858411106386047,10.849086161367623,-1.495268129178217,6.007998973226362,15.491735158608657,-0.8063875828290695,7.184563383482695,3.932129030050701,-0.9425568009110427,-4.667497044859384,6.6040212210966915,1.5592388958438876,6.830369911978518,9.038779998555391,3.728647803111615,4.1794020399329765,8.568633152104864,0.5968378721703891,3.714089371574895,4.929241566240245,8.782774140941353,11.302288069002937,5.257941577240109,8.106527225605415,5.672331020042021,3.8357793360166497,7.219269598556354,-1.7025311202856934,6.780588076359897,-0.1467666848915563,17.117003436427535,1.645469501887309,-1.9599949135866506,6.75034028060813,0.01429624277378494,9.405923566540935,-1.4734970385878854,1.556873294050834,9.357728228040852,-0.3505896163619294,7.455055430114539,5.1985229116191345,-0.3042843591260127,2.1415742101525406,-7.8030070103230855,8.66845262175002,8.663425665314753,9.269933949720112,-4.341943916119009,0.22718999660942485,-5.768884350982173,3.9898773108353605,-4.267894908994662,11.978264721449799,6.245757038147195,2.8457558368440097,5.1344545762464975,-4.72195575836097,7.737146763422959,7.302755085009512,1.2496480454880845,7.3894947111997675,-0.7488108383215164,10.057194465724717,-4.515515325110816,8.346323527926588,8.280446452104613,6.635296588214472,-0.30729533620046373,2.2449491981812497,7.647628020278608,3.092530597391766,8.125301863754713,4.325299116298527,-0.7241378494914925,5.415456664001582,1.2869242442448472,-2.436660909994428,5.904730969199077,-6.377044903500092,-0.7774353310698506,-1.8735303110600845,0.8782938543662626,4.504753742545463,3.073494911962102,-6.69732218462237,17.813119839476034,13.292349961085947,-1.5535764438910291,10.41864396866565,5.634438826696862,7.7833686791005405,11.316245820887302,1.990334161742882,5.8100952532403385,9.886475427378537,-5.490342331114668,1.3847797151015617
7.8546662100323825,8.690418269230415,7.282135621600965,9.693089153142084,-1.2303437104244708,5.8625232445902205,15.327826983668633,0.3602648831473799,5.637328081135062,3.8105712642397425,-1.921200922636325,-4.3419422178459115,6.896041237444349,0.990850072013043,6.510670535158375,7.156900064012321,3.051119136259101,5.232442511697215,8.293544664213016,0.34563146289509245,3.92371725739019,4.856396763723387,8.178068786382061,12.245534126122934,7.053580081782254,7.83279790991319,6.9055628946412835,3.271268924913426,8.937380375941034,-1.0468355071431596,5.997167811117867,-2.677809377664147,16.920126733502833,0.4664066575111614,-0.6113760122923977,6.237361048704599,0.8770245151910951,9.71563586557976,-2.25884678294841,1.8486506816384645,8.008665036793891,0.9556901065748867,9.301093862097678,4.252996121281758,-0.8679446356184329,2.120912286590999,-6.435291662119998,9.448680561017541,7.921004119639721,11.74249275413663,-5.028084438108593,0.9944690077253283,-5.836293583143303,4.643622564060002,-2.8494772951454754,10.929009846224574,5.321002208268149,6.220668019020752,5.002736858980584,-4.6220973210561445,8.631320363411286,7.965188258750581,0.8408565848800398,8.66650095332719,-0.5988574806019049,10.69135914938537,-4.489744080298376,8.40451926387848,6.830318440701372,7.680883565557593,-1.133186558606828,3.149556303939653,6.289261184445147,2.0921349618802485,7.886037861387291,3.423075978004297,1.3030119769834676,4.605984511062925,1.6422158662313078,-0.7541570358168141,6.808131268610524,-5.908334381211291,-0.4518631898758447,-0.647610524778121,-0.051611866816034135,4.592880195074832,2.2326135217246765,-5.460985156924977,18.046552325132073,11.876948085497224,-2.62047210844608,9.870384203837292,5.575999019915856,7.977665253893218,10.85841919524111,1.8154778169465822,5.773959306973765,9.204437939970296,-5.2796419434056086,1.3394357340617054
8.762641430626587,8.525902066276686,7.11389853657834,11.156791370952249,-2.0361839218107645,5.4736480146716495,14.66323186451548,0.013420528752235428,5.446183112856795,3.6370846726268984,-4.89911254650703,-4.457734520115752,8.864791653730311,0.12308492870042897,6.158190678263363,6.191157126092019,1.4038444700123927,6.503894644036013,8.064248358381226,-0.66128520374876,3.5624230688773157,3.736259582951064,5.940861900340118,13.064272201983286,7.891723149579975,7.215390202588438,7.375722547855869,3.865508852340854,7.891227684320376,-0.057445170141160906,4.481252645530099,-2.5069794001702883,17.299830261468067,1.3096898218090534,-0.04230148380309107,5.3076679735228,2.658931427761713,10.443650998169234,-2.6843898413007157,2.827758684225882,6.9857228477344995,1.4205481648166107,7.545391654914283,5.206587303374826,-0.21241989013813356,4.386276945467597,-6.871847162678371,9.977969622849946,8.555174485005754,11.117689470568806,-5.640208527591472,-1.4731214838661333,-5.550750731392631,3.7405773182936106,-1.1154458927299007,10.578458254507229,2.9994609911390477,7.0351810089931615,5.7110143474071124,-3.6484199845437373,8.854918341482461,7.457557012207152,2.8997251204256687,8.128913283241092,-0.9863225300171627,10.776454346377378,-4.856551847523313,7.953694350134584,8.08544483320983,7.435229551261218,-0.5700914976153812,2.999294748711889,7.75757742325046,1.3125878554952095,9.850812962774413,3.184462148733267,2.343908400272998,5.070418755707772,1.8158635041122466,-0.5847758727843999,7.365589475036888,-4.331685773733324,-2.6506161353786397,-0.03655161810101981,1.0926866656343897,3.6560700081846624,2.315333549412175,-6.14971756148319,18.386617957062192,11.151775338848699,-1.966266890365863,8.328806775738961,5.88636915282446,7.636646813638725,12.10455663709141,3.8976307058123147,5.424404939470512,7.5796564295338005,-6.021409220081186,1.8324721969823115
7.811685134016877,9.791940157538582,7.236950879702202,9.490710516084484,-1.4500469260979836,6.876596901586867,14.154687580156153,0.20675047633500376,5.402325806894882,4.9907147077080065,-3.8741573880704223,-4.8905328976488365,6.668205315780136,-0.45098937979989073,7.935908123513562,8.022325285287248,0.5007935564806301,5.214305204745743,7.432890743313429,-2.4776039684242086,4.989778120980979,2.1100927320056218,3.8313035654842422,12.367449087544408,8.183016543726755,8.593765465963003,6.470500888571241,4.190133741342836,9.72720794768529,-0.02668517989061499,4.049092289566877,-2.105100663891946,18.403442923843773,0.4657855981136054,-1.9258760043852825,6.0016931823292845,1.5316081812312976,9.0873087874196,-2.621464801576175,1.9778512649268882,8.527400490154983,2.3563015578160833,8.511168653413106,4.776158112849239,-0.2616913855209946,5.164135690445122,-7.3274823599413414,9.09390487963794,8.10299216050388,11.52670034286876,-4.346729451548664,-2.059802146705698,-5.270521579658594,6.517526079228363,1.2002439488177565,9.736959965431845,3.1275670965289604,7.654313841170136,4.877809905642911,-1.9394706910749926,9.522994718309462,7.1060854184722855,3.7443630101003444,8.528519682379175,-0.7545472220687521,10.077754863145937,-5.424352572970712,6.936013963400804,9.012708996576228,6.358216049994122,-0.0717886872449025,2.953491424314165,7.068970253927162,-0.4422035861433782,10.20569252298588,3.672066598816656,1.8830100410310777,3.5965317598447335,2.503030458699641,0.5801288978070664,7.980866997793876,-3.6990993346267835,-2.8687953629700895,-0.7530621409322835,2.486865108249687,3.91747816021964,1.9300414033787079,-4.9926555049422525,18.903555717573497,10.21524922108832,-2.982488294895173,9.604581798023947,6.4166240860648935,8.475947062523778,13.009841267776824,4.272621020158425,6.4330173204668055,6.639853243450723,-5.306334548351657,3.0563463470187604
8.1287320756145,11.656495377043994,6.722694430441613,10.325667608400387,-1.3944943483439327,7.072749032509377,13.409446300631098,2.2640594589619742,4.683503156838165,5.178498053810352,-5.251727011370921,-4.939602865273274,7.461523762386747,-0.8644840407184768,8.01017514175529,8.358819074624321,1.1130965616365214,6.435093405090058,7.112800607748015,-2.428964016671765,6.2517926169134554,-0.17694810674753247,2.892033188157612,10.761023384676422,8.344857593714561,8.15999553910481,4.450220073709335,3.9800464037036862,8.572107481581698,0.8376901318516283,4.775229291340859,-3.3840883294418567,19.22003659643193,1.386305992343062,-1.717678383063698,7.534725255868413,-0.30466573290818344,8.613313490734534,-1.0489730252200409,2.1258933958809543,8.281827461035672,3.623972225312878,8.348449241233448,3.6436284196047124,-1.8793565567404689,3.85395509544115,-6.774185719759948,10.321926095922247,7.382264789058902,11.529638047093853,-5.184445882633494,-1.1255632562885383,-4.839052995394279,6.385696896398468,0.6405855130063,11.116247301489986,3.6967561337985777,6.2692707622996,3.9773302743422576,-0.3366724876383145,9.157452585477463,5.497715960205084,3.0759586006290633,7.512672792414222,-1.6185814221939543,10.858458007959744,-5.224083351010699,8.276557581799748,9.618556571880815,7.965445326076301,-0.8522233412054121,1.7401229001422451,8.049609808993353,-0.37762630571347033,11.010097881670434,3.311833422867028,1.8552125386988263,5.532864777133057,2.5201080363321977,1.2352190997896142,7.009752518688478,-5.64408499176288,-0.851654535013382,-0.6006056541952763,2.5868726715978014,5.008842824791996,2.486489218594784,-4.958979096346516,19.02705623068827,8.771736298532492,-3.6704477487967893,9.397837895972213,3.3332071801419216,8.668759660386494,13.370203131771358,4.822089533623072,7.267589211840753,7.340579754864363,-3.753099324444154,2.7798961887661338
8.75377633982666,12.120856919554456,7.713756221599554,11.123208949874295,0.6611567427211456,7.744490053586933,11.953977932202157,3.045306741899146,3.6892249076309915,5.550306624605843,-6.537139479262375,-3.878045344240686,7.140106651982235,-0.209867192948212,6.114650231985118,7.600107044954736,2.35908858019749,6.549023681343525,7.631568574710453,-2.7081881147799836,8.138306370140027,-0.5140655500434597,3.8232632254892636,11.853490135549347,7.8207518892917385,7.778215946188389,5.38548980974819,4.130330149326625,9.062462003636451,1.6661499152444288,5.386609009276676,-2.0887919294480977,20.882659514846058,0.5750153914299461,-1.2839176816909952,9.157235295612738,-1.8149342329486418,9.246429826128173,-1.172251959042296,1.2214028659485812,5.9851314582093345,3.3960177564609744,7.069496274539906,4.866585404452873,0.2348438102708692,3.174029885389317,-8.345812952981685,8.231343527886597,8.341950242025016,11.716989241390161,-5.685152705293873,-1.2790602850335235,-4.415676118168059,6.8173756704806125,-0.7117561888097131,7.967750527515035,4.517434886822491,6.1246652939626145,3.9872443317766684,-1.2059320515805538,11.193900127147195,5.464593181015647,1.7682972440230638,8.047988707979874,0.14768346837943058,10.008828425328222,-4.2354850531443065,9.535916306316272,11.331998049631403,7.724891493633201,1.5932343481515503,1.628880796179203,8.439856929381671,-0.0269232659116847,13.214715629729909,5.055873010788127,1.506102150816242,3.947829421102683,2.141731407241283,0.9217687368956662,7.328715276069177,-4.83725413468912,-1.2374830062003026,-1.3506773230004407,4.532792925218641,5.644647906196724,1.049191193875395,-3.805694748246904,19.55800329285018,11.550459456330286,-4.615963303543402,9.053082622910473,1.1340740354007752,7.373754229949639,14.354876933620918,3.8843920228980773,8.085821474254498,7.8757716616221405,-4.419456765977214,2.0200653271981412
